ANO_ELEICAO,SIGLA_UF,NOME_MUNICIPIO,NOME_CANDIDATO,SIGLA_PARTIDO,NUMERO_CAND,TOTAL_VOTOS
2014,MG,BELO HORIZONTE,ABDIAS BRAZ FERNANDES,PPS,2340,606
2014,MG,BELO HORIZONTE,ABNER DE NER DINO PEDRA,PSDB,4501,0
2014,MG,BELO HORIZONTE,ADAO GOMES FILHO,PTB,1405,0
2014,MG,BELO HORIZONTE,ADEILSON QUINTINO DE SOUSA,PSL,1750,371
2014,MG,BELO HORIZONTE,ADEIR BATISTA PEREIRA,PROS,9020,45
2014,MG,BELO HORIZONTE,ADELMO CARNEIRO LEAO,PT,1350,3516
2014,MG,BELO HORIZONTE,ADELMO PADILHA DE MIRANDA,PRP,4488,102
2014,MG,BELO HORIZONTE,ADEMIR CAMILO PRATES RODRIGUES,PROS,9010,1508
2014,MG,BELO HORIZONTE,ADICIO DIAS SOARES,PTN,1945,1088
2014,MG,BELO HORIZONTE,ADILA VALDEMIRA SEVERINO DAS NEVES,PTC,3680,261
2014,MG,BELO HORIZONTE,ADILSON DE OLIVEIRA,PR,2255,474
2014,MG,BELO HORIZONTE,ADILSON JORGE ROSSY DOS SANTOS,PTB,1478,460
2014,MG,BELO HORIZONTE,ADMAR RODRIGUES SOARES,PT do B,7081,43
2014,MG,BELO HORIZONTE,ADRIANA ASSIS MARQUES,PV,4326,184
2014,MG,BELO HORIZONTE,ADRIANA PINHEIRO GODINHO,PSC,2015,2397
2014,MG,BELO HORIZONTE,ADRIANE SOARES DE MIRANDA MEDEIROS,PT,1381,315
2014,MG,BELO HORIZONTE,ADRIANO MATEUS FERREIRA,PSB,4067,146
2014,MG,BELO HORIZONTE,AECIO TADEU FERREIRA SANTOS,PPS,2330,172
2014,MG,BELO HORIZONTE,AELTON JOSE DE FREITAS,PR,2222,1466
2014,MG,BELO HORIZONTE,AGUINALDO BRAGA DA SILVA,PSB,4001,0
2014,MG,BELO HORIZONTE,ALAERSON CHAVES DA SILVA,PSB,4030,128
2014,MG,BELO HORIZONTE,ALAIDE PIMENTA GOMES,PTN,1993,171
2014,MG,BELO HORIZONTE,ALBERTO CARLOS GOMES TAMEIRAO,PSB,4025,0
2014,MG,BELO HORIZONTE,ALCINDOR RIBEIRO DAMASCENO,PHS,3103,159
2014,MG,BELO HORIZONTE,ALDENI DE SOUZA GUERRA RAMOS,PDT,1267,24
2014,MG,BELO HORIZONTE,ALESSANDRA ELIAS MACHADO,PSL,1707,52
2014,MG,BELO HORIZONTE,ALEXANDRE DE AMORIM VELASCO DE SOUZA,PRB,1077,65
2014,MG,BELO HORIZONTE,ALEXANDRE DE MORAIS MARQUES,PMDB,1519,321
2014,MG,BELO HORIZONTE,ALEXANDRE GOMES FERREIRA,PTC,3670,478
2014,MG,BELO HORIZONTE,ALEXANDRE GONCALVES QUARESMA,PV,4355,278
2014,MG,BELO HORIZONTE,ALEXANDRE KALIL,PSB,4013,0
2014,MG,BELO HORIZONTE,ALEXANDRE MAGNO DE MOURA,PHS,3131,265
2014,MG,BELO HORIZONTE,ALEXANDRE RAIMUNDO BARROS LIMA,PSL,1744,1275
2014,MG,BELO HORIZONTE,ALFREDO DA SILVA RAMALHO,PRB,1020,740
2014,MG,BELO HORIZONTE,ALICIO RIBEIRO ROCHA,PTN,1999,46
2014,MG,BELO HORIZONTE,ALOISIO SANTOS NEIVA,PSB,4011,268
2014,MG,BELO HORIZONTE,ALOYSIO RODRIGUES DA CUNHA,PRP,4437,54
2014,MG,BELO HORIZONTE,ALVARO CESAR CAROLINO,PT,1301,648
2014,MG,BELO HORIZONTE,ALVARO DE ARAUJO LOBO,PSOL,5020,960
2014,MG,BELO HORIZONTE,ALVARO RODRIGUES COELHO,PT do B,7010,3212
2014,MG,BELO HORIZONTE,ALVIMAR ROGERIO DE SOUZA,PSB,4090,197
2014,MG,BELO HORIZONTE,ANA LETICIA MEDEIROS GODOI SILVA,PSTU,1680,114
2014,MG,BELO HORIZONTE,ANA LUCIA BARROSO DA SILVA,PSL,1721,17
2014,MG,BELO HORIZONTE,ANDERSON ADAUTO PEREIRA,PRB,1015,0
2014,MG,BELO HORIZONTE,ANDRE LUIZ ALMEIDA TURCI,PSC,2017,211
2014,MG,BELO HORIZONTE,ANDRE NOGUEIRA DE AVILA,PSTU,1623,137
2014,MG,BELO HORIZONTE,ANDREA NEVES BRANDAO,PPS,2307,39
2014,MG,BELO HORIZONTE,ANDREIA JACQUELINE PACHECO,PTC,3612,407
2014,MG,BELO HORIZONTE,ANDREIA MARTINS DE SOUZA BOTELHO,PSL,1723,52
2014,MG,BELO HORIZONTE,ANDRESA SA DE OLIVEIRA,PDT,1292,40
2014,MG,BELO HORIZONTE,ANDRESSA AGUILAR FREIRE,PHS,3111,0
2014,MG,BELO HORIZONTE,ANGELA MAIRINK DE SOUZA PEREIRA,PRB,1002,0
2014,MG,BELO HORIZONTE,ANGELA MARIA CARDOSO FARIAS,PTC,3630,21
2014,MG,BELO HORIZONTE,ANGELA MARIA DA SILVA,PRTB,2852,25
2014,MG,BELO HORIZONTE,ANGELO AMARO DA SILVA,PSOL,5070,77
2014,MG,BELO HORIZONTE,ANTONIA DE JESUS FERREIRA ARAUJO,DEM,2514,322
2014,MG,BELO HORIZONTE,ANTONIO ARQUIMEDES BORGES DE OLIVEIRA,PTB,1477,964
2014,MG,BELO HORIZONTE,ANTONIO CARLOS DUARTE,PSB,4016,95
2014,MG,BELO HORIZONTE,ANTONIO CARLOS RIBEIRO LEITE,PV,4393,50
2014,MG,BELO HORIZONTE,ANTONIO EDUARDO MARTINS,PSL,1717,1859
2014,MG,BELO HORIZONTE,ANTONIO FERREIRA PINTO,PT,1305,51
2014,MG,BELO HORIZONTE,ANTONIO JOSE DA SILVA,PTC,3656,10
2014,MG,BELO HORIZONTE,ANTONIO JOSE DE SOUZA BRITO,PDT,1251,17
2014,MG,BELO HORIZONTE,ANTONIO JULIO CRESTON DE VASCONCELLOS,PT do B,7014,94
2014,MG,BELO HORIZONTE,ANTONIO MEDINA OLIVEIRA SILVA,PTB,1410,282
2014,MG,BELO HORIZONTE,ANTONIO OLIBONI,PSC,2020,3895
2014,MG,BELO HORIZONTE,ANTONIO PINHEIRO JUNIOR,PP,1122,10534
2014,MG,BELO HORIZONTE,ARIADNA BORGES MUNIZ,PRB,1000,2626
2014,MG,BELO HORIZONTE,ARIOVALDO DE MELO FILHO,PT do B,7080,90
2014,MG,BELO HORIZONTE,ARISTOTELES ALEXANDRE BATISTA FERREIRA,PPS,2311,185
2014,MG,BELO HORIZONTE,ATILAS MEDEIROS LOPES,PDT,1200,1563
2014,MG,BELO HORIZONTE,AUGUSTA LIMA ROCHA,PT,1317,256
2014,MG,BELO HORIZONTE,AUREA CANDIDA DOS SANTOS,PDT,1224,304
2014,MG,BELO HORIZONTE,AURELIO JOAQUIM DA SILVA,PHS,3140,1853
2014,MG,BELO HORIZONTE,BARTOLOMEU MAXIMO DE FIGUEIREDO,PSOL,5028,104
2014,MG,BELO HORIZONTE,BONIFACIO JOSE TAMM DE ANDRADA,PSDB,4566,3901
2014,MG,BELO HORIZONTE,BRENO DE CASTRO ALVES CARONE,PMDB,1522,446
2014,MG,BELO HORIZONTE,BRUNA CARLA DOS SANTOS,PDT,1204,402
2014,MG,BELO HORIZONTE,BRUNIELE FERREIRA DA SILVA,PTC,3645,2266
2014,MG,BELO HORIZONTE,BRUNO BORGES MAGELLA,PMDB,1566,306
2014,MG,BELO HORIZONTE,CACILDA MARIA CARVALHO DA CRUZ,PMDB,1505,727
2014,MG,BELO HORIZONTE,CAIO NARCIO RODRIGUES DA SILVEIRA,PSDB,4520,9775
2014,MG,BELO HORIZONTE,CARINE MARTINS VIEIRA,PSTU,1688,79
2014,MG,BELO HORIZONTE,CARLA CRISTINA CARVALHO SANTOS,PSD,5520,20
2014,MG,BELO HORIZONTE,CARLOS ALBERTO ALVES,PEN,5113,215
2014,MG,BELO HORIZONTE,CARLOS ANTONIO VIEIRA,PT,1390,221
2014,MG,BELO HORIZONTE,CARLOS DIAMANTINO ALKMIM,PDT,1254,438
2014,MG,BELO HORIZONTE,CARLOS DO CARMO ANDRADE MELLES,DEM,2555,1292
2014,MG,BELO HORIZONTE,CARLOS EDUARDO DA CUNHA,PSL,1747,402
2014,MG,BELO HORIZONTE,CARLOS EDUARDO VENTURELLI MOSCONI,PSDB,4513,1866
2014,MG,BELO HORIZONTE,CARLOS EINSTEIN GOMES DINIZ,PT,1332,191
2014,MG,BELO HORIZONTE,CARLOS FREDERICO MARCELO DA CUNHA CAVALCANTI,PSC,2022,612
2014,MG,BELO HORIZONTE,CARLOS HENRIQUE FERRARA FERNANDES,PT do B,7060,278
2014,MG,BELO HORIZONTE,CARLOS MAGNO TABORDA,PTN,1972,105
2014,MG,BELO HORIZONTE,CARLOS RENATO DIAS MUNIZ,PSDC,2777,591
2014,MG,BELO HORIZONTE,CARLOS WAGNER DA SILVA DIAS,PTC,3651,0
2014,MG,BELO HORIZONTE,CAROLINA MARIA ALVARENGA ESPERANCA FONSECA,PT,1360,82
2014,MG,BELO HORIZONTE,CATHIA INDIO DO BRASIL KENTISH,PMDB,1509,227
2014,MG,BELO HORIZONTE,CELENE GOMES SANTIAGO,PV,4390,20
2014,MG,BELO HORIZONTE,CELESTE ALFREDO FERNANDES,PSB,4022,348
2014,MG,BELO HORIZONTE,CELIA ALVES PEREIRA,PT do B,7031,2045
2014,MG,BELO HORIZONTE,CELIA MARIA BENEVIDES CORDEIRO,SD,7727,69
2014,MG,BELO HORIZONTE,CELTON ROCHA MESQUITA,PT do B,7057,1645
2014,MG,BELO HORIZONTE,CELY PEREIRA DOS SANTOS,PSL,1788,307
2014,MG,BELO HORIZONTE,CESAR LOURENCO DIAS DE CASTRO,PT do B,7019,1340
2014,MG,BELO HORIZONTE,CEZAR BATISTA DE OLIVEIRA,SD,7700,0
2014,MG,BELO HORIZONTE,CHARLES CARDOSO DE JESUS,PTB,1425,472
2014,MG,BELO HORIZONTE,CHRISTIANE OLIVEIRA BEZERRA PRINCE,PSD,5590,7
2014,MG,BELO HORIZONTE,CIRLAINE MARIA LIBERATO DE AVELIZ,PTN,1951,5
2014,MG,BELO HORIZONTE,CIRLENE ANICIO DE BRITO,PCB,2133,36
2014,MG,BELO HORIZONTE,CLARA MARTINS CIRINO DOS SANTOS,PTC,3660,0
2014,MG,BELO HORIZONTE,CLAUDIA FERNANDES DOS SANTOS,PTN,1927,148
2014,MG,BELO HORIZONTE,CLAUDINE BENEDITO BATALHA,PSL,1722,12
2014,MG,BELO HORIZONTE,CLAUDIO ALFREDO DE LIMA NAVES,PTC,3678,85
2014,MG,BELO HORIZONTE,CLEIDE MARIA DE SOUZA,PT,1371,24
2014,MG,BELO HORIZONTE,CLESIO MUCIO DRUMOND FILHO,PSB,4003,137
2014,MG,BELO HORIZONTE,CLESIO REZENDE COSTA,PSL,1789,88
2014,MG,BELO HORIZONTE,CLOVIS ADRIANO GARCIA,PT do B,7003,332
2014,MG,BELO HORIZONTE,CRISTIANE APARECIDA DA SILVA,PSL,1785,7
2014,MG,BELO HORIZONTE,CROVYMARA ELIAS BATALHA,PMDB,1578,100
2014,MG,BELO HORIZONTE,CYRANO VITALI VIOTTI,PPS,2333,236
2014,MG,BELO HORIZONTE,DACI CLEIA ALVES DE OLIVEIRA,PDT,1242,14
2014,MG,BELO HORIZONTE,DALMO DE ASSIS PEREIRA,PSDB,4544,336
2014,MG,BELO HORIZONTE,DALTON HENRIQUE DE ALBUQUERQUE,PEN,5170,2
2014,MG,BELO HORIZONTE,DAMINA DE CARVALHO PEREIRA,PMN,3333,807
2014,MG,BELO HORIZONTE,DANIEL FRAGA ALPES,PSL,1790,21
2014,MG,BELO HORIZONTE,DANIEL GOMES SIMIAO,PV,4399,83
2014,MG,BELO HORIZONTE,DANIEL LAGES WARDIL,PSTU,1644,116
2014,MG,BELO HORIZONTE,DAVID DA SILVA MARQUES SILVEIRA,DEM,2599,0
2014,MG,BELO HORIZONTE,DENISE FERREIRA PINTO,PMDB,1588,72
2014,MG,BELO HORIZONTE,DEUSDEDIT BERNARDO DOS REIS,PMN,3312,66
2014,MG,BELO HORIZONTE,DEYSE KELLY RODRIGUES DA COSTA,PSD,5580,9
2014,MG,BELO HORIZONTE,DIEGO LEONARDO DE ANDRADE CARVALHO,PSD,5555,10876
2014,MG,BELO HORIZONTE,DILZA MONICA DE CARVALHO,PSL,1777,47
2014,MG,BELO HORIZONTE,DIMAS FABIANO TOLEDO JUNIOR,PP,1111,2983
2014,MG,BELO HORIZONTE,DIVA DOMINGOS DA SILVA,PSL,1711,7
2014,MG,BELO HORIZONTE,DIVA FERNANDES DA SILVA,PV,4302,495
2014,MG,BELO HORIZONTE,DIVINO HENRIQUES DOS SANTOS,PTC,3646,61
2014,MG,BELO HORIZONTE,DJALBERT JOSE DE ALMEIDA,PRTB,2828,17
2014,MG,BELO HORIZONTE,DOMINGOS FRANCISCO DE CASTRO,PT do B,7040,1543
2014,MG,BELO HORIZONTE,DOMINGOS SAVIO CAMPOS RESENDE,PSDB,4560,8631
2014,MG,BELO HORIZONTE,DULCINEIA PEREIRA DOS SANTOS,PSDB,4522,519
2014,MG,BELO HORIZONTE,EDENILSON DURAES DE OLIVEIRA,PPS,2322,152
2014,MG,BELO HORIZONTE,EDIVAM TEODORO,PSB,4027,86
2014,MG,BELO HORIZONTE,EDMAR LUIZ XAVIER NETO,PEN,5110,34
2014,MG,BELO HORIZONTE,EDMUNDO MIGUEL MARTINS,PT do B,7023,882
2014,MG,BELO HORIZONTE,EDNA DIAS SANTOS,PDT,1210,1738
2014,MG,BELO HORIZONTE,EDNA FERREIRA DE SALES OLIVEIRA,PPL,5480,109
2014,MG,BELO HORIZONTE,EDNA SARMENTO BARROS,PDT,1232,326
2014,MG,BELO HORIZONTE,EDNEIA SOUSA LIMA,PTB,1455,106
2014,MG,BELO HORIZONTE,EDSON CORREA BITENCOURT,PTC,3623,21
2014,MG,BELO HORIZONTE,EDSON GONCALVES SOARES,PT do B,7089,334
2014,MG,BELO HORIZONTE,EDSON MOREIRA DA SILVA,PTN,1907,28806
2014,MG,BELO HORIZONTE,EDSON TOYOSHI CHIBA,PSDC,2720,195
2014,MG,BELO HORIZONTE,EDUARDO DE SOUZA MAIA,PT do B,7008,1264
2014,MG,BELO HORIZONTE,EDUARDO LUIZ BARROS BARBOSA,PSDB,4535,5114
2014,MG,BELO HORIZONTE,EFRAIM LENINI SOARES FRAGA,PTC,3610,410
2014,MG,BELO HORIZONTE,ELBE FIGUEIREDO BRANDAO SANTIAGO,PSDB,4530,1201
2014,MG,BELO HORIZONTE,ELI JOSE DE MELO,PV,4363,90
2014,MG,BELO HORIZONTE,ELIANE DE FATIMA SOUZA,PT do B,7083,496
2014,MG,BELO HORIZONTE,ELIAS RAMOS SOARES,PT do B,7087,71
2014,MG,BELO HORIZONTE,ELISETE INACIO DOS SANTOS,PDT,1207,369
2014,MG,BELO HORIZONTE,ELISEU ANTONIO DE ASSIS,PTB,1409,250
2014,MG,BELO HORIZONTE,ELISEU LOURENCO DA SILVA,PT do B,7045,95
2014,MG,BELO HORIZONTE,ELIZA BEATRIZ GALLO,PT do B,7027,365
2014,MG,BELO HORIZONTE,ELIZABETH SIMOES,PTC,3613,23
2014,MG,BELO HORIZONTE,ELMIRO ALVES DO NASCIMENTO,DEM,2520,1541
2014,MG,BELO HORIZONTE,ELZI BARBOSA DA SILVA,PSB,4007,134
2014,MG,BELO HORIZONTE,ENEIAS ANTONIO MARTINS,PSOL,5077,234
2014,MG,BELO HORIZONTE,ERICO DE MORAES COLEN,PSOL,5000,875
2014,MG,BELO HORIZONTE,ERNANE RIBEIRO PITANGUI,PMN,3310,1205
2014,MG,BELO HORIZONTE,EROS FERREIRA BIONDINI,PTB,1433,39843
2014,MG,BELO HORIZONTE,ESCARLET ORRANA TEIXEIRA RIBEIRO,PTB,1403,43
2014,MG,BELO HORIZONTE,ESIO WILSON LEVINO DE ARAUJO,PTC,3619,11
2014,MG,BELO HORIZONTE,ESTER LEMOS CAMPOS BOTELHO,SD,7788,9
2014,MG,BELO HORIZONTE,EUCLESIO MARTINS PROCOPIO,PSB,4085,22
2014,MG,BELO HORIZONTE,EUCLYDES MARCOS PETTERSEN NETO,PTB,1415,1691
2014,MG,BELO HORIZONTE,EUSTAQUIO MARCONCINE BINI,PDT,1230,138
2014,MG,BELO HORIZONTE,EVA MARCIELA MORAES,PTN,1902,18
2014,MG,BELO HORIZONTE,EVANDRO DA SILVA PEDRAS,PSB,4051,276
2014,MG,BELO HORIZONTE,EVANDRO MIZAEL DA SILVA,PR,2212,77
2014,MG,BELO HORIZONTE,EVANILDA GOMES DE PAIVA,PMN,3339,6
2014,MG,BELO HORIZONTE,EVELIN LUCILIA DA PIEDADE,PDT,1278,14
2014,MG,BELO HORIZONTE,FABIANA NUNES MACIEL,PV,4323,68
2014,MG,BELO HORIZONTE,FABIANO COSTA DINIZ,SD,7747,2090
2014,MG,BELO HORIZONTE,FABIO ANTONIO DA SILVA,PPS,2312,1382
2014,MG,BELO HORIZONTE,FABIO AUGUSTO RAMALHO DOS SANTOS,PV,4311,2250
2014,MG,BELO HORIZONTE,FABIO DOS SANTOS,PSL,1701,986
2014,MG,BELO HORIZONTE,FABIO NOVAIS MAGALHAES,PSDB,4599,120
2014,MG,BELO HORIZONTE,FABRICIO LUIS RESENDE,PT do B,7007,729
2014,MG,BELO HORIZONTE,FELIPE DE FREITAS FONSECA,PSTU,1617,18
2014,MG,BELO HORIZONTE,FERNANDO ANTONIO CARVALHO FRANCO,PRB,1045,86
2014,MG,BELO HORIZONTE,FERNANDO BORJA PINTO,PT do B,7077,7152
2014,MG,BELO HORIZONTE,FERNANDO DE MORAES,PV,4312,334
2014,MG,BELO HORIZONTE,FLAVIO DONIZETE GONCALVES,PTC,3611,87
2014,MG,BELO HORIZONTE,FRANCISCA MARIA DA SILVA,PSB,4040,553
2014,MG,BELO HORIZONTE,FRANCISCO DA SILVA,PV,4314,21
2014,MG,BELO HORIZONTE,FRANCISCO DE ASSIS MACIEL,PT,1366,1125
2014,MG,BELO HORIZONTE,FRANCISCO PANADES RUBIO,PPL,5454,1183
2014,MG,BELO HORIZONTE,FRANKLIN ROBERTO DE LIMA SOUZA,PT do B,7012,6101
2014,MG,BELO HORIZONTE,FREDERICO FIALHO DE SIQUEIRA,PCB,2199,20
2014,MG,BELO HORIZONTE,GABRIEL GUIMARAES DE ANDRADE,PT,1311,21814
2014,MG,BELO HORIZONTE,GABRIELA ROSA DOS SANTOS,PHS,3113,83
2014,MG,BELO HORIZONTE,GEORGE HILTON DOS SANTOS CECILIO,PRB,1010,33343
2014,MG,BELO HORIZONTE,GERALDO DE SOUZA GONCALVES,PDT,1290,1164
2014,MG,BELO HORIZONTE,GERALDO DIAS AMADOR,PPL,5410,77
2014,MG,BELO HORIZONTE,GERALDO FELIPE DA SILVA,PPL,5477,71
2014,MG,BELO HORIZONTE,GERALDO HILARIO TORRES,PT do B,7000,839
2014,MG,BELO HORIZONTE,GERALDO MAGELO AUDRIANO,PTC,3637,85
2014,MG,BELO HORIZONTE,GERALDO SEBASTIAO MAGELA DIAS,PSB,4008,9150
2014,MG,BELO HORIZONTE,GERALDO SILVERIO BASTOS,PCB,2111,35
2014,MG,BELO HORIZONTE,GERALDO THADEU PEDREIRA DOS SANTOS,PSD,5540,130
2014,MG,BELO HORIZONTE,GEZIEL RAMOS SILVA,PEN,5122,11
2014,MG,BELO HORIZONTE,GILBERTO ADENIE CUNHA,PSTU,1606,8
2014,MG,BELO HORIZONTE,GILBERTO BERNAL JUNIOR,PMN,3335,73
2014,MG,BELO HORIZONTE,GILBERTO PIRES OLIVEIRA,PSC,2016,11
2014,MG,BELO HORIZONTE,GILBERTO SILVA,PMN,3366,19
2014,MG,BELO HORIZONTE,GILSON DE CARVALHO QUEIROZ FILHO,PT,1377,5217
2014,MG,BELO HORIZONTE,GIOVANE FARINAZZO GAVIO,PSDB,4533,11957
2014,MG,BELO HORIZONTE,GIOVANI BATISTA GIMENES,PTN,1980,127
2014,MG,BELO HORIZONTE,GIRLEUSA FERREIRA DE SOUSA,PMDB,1545,77
2014,MG,BELO HORIZONTE,GLEIBE JOSE TERRA,PSB,4033,204
2014,MG,BELO HORIZONTE,GLEISER LUCIO BORONI SOARES,PSL,1700,782
2014,MG,BELO HORIZONTE,GREYCE DE QUEIROZ ELIAS,PRB,1011,123
2014,MG,BELO HORIZONTE,GUSTAVO CESAR ALKIMIN LOPES DE OLIVEIRA,PSB,4080,2389
2014,MG,BELO HORIZONTE,GUSTAVO DA SILVA PIRES,PROS,9090,3796
2014,MG,BELO HORIZONTE,GUSTAVO HENRIQUE PERRELLA AMARAL COSTA,SD,7745,2989
2014,MG,BELO HORIZONTE,GUSTAVO MARQUES CARVALHO MITRE,PHS,3100,3942
2014,MG,BELO HORIZONTE,GUSTAVO OLIMPIO SIQUEIRA ROCHA,PSTU,1601,296
2014,MG,BELO HORIZONTE,HELDER DA CUNHA EVANGELISTA,PPL,5432,35
2014,MG,BELO HORIZONTE,HELENA LUCIA DOS SANTOS,PT do B,7004,300
2014,MG,BELO HORIZONTE,HELENICE CUNHA DE LIMA,PSC,2077,177
2014,MG,BELO HORIZONTE,HELGA GREINER CORREA DE OLIVEIRA,PSDC,2712,53
2014,MG,BELO HORIZONTE,HELIO COSTA DE CAMPOS MELLO,PMDB,1513,346
2014,MG,BELO HORIZONTE,HELIO PEREIRA LEITAO,PTN,1953,61
2014,MG,BELO HORIZONTE,HELVECIO ANTONIO DE BRITO,PT do B,7036,21
2014,MG,BELO HORIZONTE,HELY COELHO DA SILVA,PPS,2350,30
2014,MG,BELO HORIZONTE,HENRIQUE BARRETO DOS SANTOS,PSB,4099,503
2014,MG,BELO HORIZONTE,HERBERT AUGUSTO DA SILVA,PDT,1236,256
2014,MG,BELO HORIZONTE,HUENDER FRANCO DIAS,PSTU,1633,17
2014,MG,BELO HORIZONTE,HUMBERTO GUIMARAES SOUTO,PPS,2360,614
2014,MG,BELO HORIZONTE,IARA MARTINS MORAIS,PTB,1489,26
2014,MG,BELO HORIZONTE,IARA SOFIA ALVES ESTEVES,PV,4315,0
2014,MG,BELO HORIZONTE,ILANA ARAUJO ALVES SOARES,PMDB,1540,76
2014,MG,BELO HORIZONTE,ILDEIA OTONI RIBEIRO,PPS,2328,283
2014,MG,BELO HORIZONTE,IRACI CHAVES MAURICIO VIGO,PTC,3652,17
2014,MG,BELO HORIZONTE,IRIS FERREIRA CHAVES,PSB,4069,731
2014,MG,BELO HORIZONTE,ISAIAS SILVESTRE,PSB,4077,6340
2014,MG,BELO HORIZONTE,ITALO HENRIQUE CASTELO BRANCO MUNIZ,DEM,2545,202
2014,MG,BELO HORIZONTE,IZABELA LUIZA SILVA,PPS,2310,20
2014,MG,BELO HORIZONTE,IZABELLA LOURENCA AMORIM ROMUALDO,PSTU,1610,610
2014,MG,BELO HORIZONTE,JACINTA DOS SANTOS PINTO,PSD,5509,5
2014,MG,BELO HORIZONTE,JACKSON EDUARDO DA SILVA,PTC,3672,93
2014,MG,BELO HORIZONTE,JAIME MARTINS FILHO,PSD,5550,1818
2014,MG,BELO HORIZONTE,JAIRO ATAIDE VIEIRA,DEM,2525,447
2014,MG,BELO HORIZONTE,JAKSON AMAURI AUGUSTO,PV,4384,271
2014,MG,BELO HORIZONTE,JAMIR MOREIRA DE ANDRADE,PMDB,1569,17
2014,MG,BELO HORIZONTE,JANDER MUNIZ FILARETTI,PTB,1440,1528
2014,MG,BELO HORIZONTE,JANETE DE OLIVEIRA CHAGAS CAMPOS,PDT,1252,20
2014,MG,BELO HORIZONTE,JANIO RODRIGUES DOS SANTOS,PTN,1911,51
2014,MG,BELO HORIZONTE,JAQUELINE TOMAZ DA SILVA BERNARDES,PMN,3394,3
2014,MG,BELO HORIZONTE,JARI TRINDADE MENDONCA,PT do B,7015,46
2014,MG,BELO HORIZONTE,JEFFERSON BASTOS GONCALVES,PSL,1780,79
2014,MG,BELO HORIZONTE,JEFFERSON RODRIGUES FARIA,PDT,1299,11
2014,MG,BELO HORIZONTE,JESSICA LEITE NICOLAI,PCB,2132,146
2014,MG,BELO HORIZONTE,JESSICA REJANE PEREIRA VIANA,PSOL,5005,384
2014,MG,BELO HORIZONTE,JOAO ALVES PEREIRA,PROS,9088,13
2014,MG,BELO HORIZONTE,JOAO BATISTA FERREIRA ARAUJO,PSDB,4511,778
2014,MG,BELO HORIZONTE,JOAO CARLOS BEREGENO JUNIOR,PSL,1740,8
2014,MG,BELO HORIZONTE,JOAO CARLOS SIQUEIRA,PT,1315,4322
2014,MG,BELO HORIZONTE,JOAO FRANCISCO SOUZA NETO,PMN,3345,154
2014,MG,BELO HORIZONTE,JOAO GOMES DA SILVA,PTC,3640,25
2014,MG,BELO HORIZONTE,JOAO JACIEL PEREIRA,PT do B,7088,0
2014,MG,BELO HORIZONTE,JOAQUIM DE OLIVEIRA SA FILHO,PT do B,7030,27
2014,MG,BELO HORIZONTE,JOICE DOS SANTOS MANGABEIRA,PSDB,4587,197
2014,MG,BELO HORIZONTE,JORCELINO CARDOSO SOARES,PTB,1422,135
2014,MG,BELO HORIZONTE,JORDANO CARVALHO DOS SANTOS,PSTU,1600,82
2014,MG,BELO HORIZONTE,JORGE NUNES PAULUCI,PT,1302,166
2014,MG,BELO HORIZONTE,JORGE TARCISIO TORQUATO,PSOL,5044,0
2014,MG,BELO HORIZONTE,JOSE ANASTACIO DE CARVALHO SILVA FILHO,PSB,4088,72
2014,MG,BELO HORIZONTE,JOSE ANTONIO PRATES,PHS,3123,551
2014,MG,BELO HORIZONTE,JOSE ANTONIO TEIXEIRA DE MENDONCA,PSL,1770,188
2014,MG,BELO HORIZONTE,JOSE ATALIBA CARDOSO MEIRA,PRP,4445,30
2014,MG,BELO HORIZONTE,JOSE BONOMO NETO,PT,1347,0
2014,MG,BELO HORIZONTE,JOSE CARLOS DE SOUZA,PSC,2033,0
2014,MG,BELO HORIZONTE,JOSE CARLOS FERREIRA,PTN,1921,207
2014,MG,BELO HORIZONTE,JOSE CARLOS NETO,PTB,1466,721
2014,MG,BELO HORIZONTE,JOSE DE ARAUJO GUEDES,PMDB,1591,224
2014,MG,BELO HORIZONTE,JOSE DO CARMO DE LIMA BARBOSA,PSC,2012,89
2014,MG,BELO HORIZONTE,JOSE FRANCISCO MOREIRA JORDAO,PRB,1013,8
2014,MG,BELO HORIZONTE,JOSE GERALDO MENDES DA SILVA,PMDB,1561,408
2014,MG,BELO HORIZONTE,JOSE GOMES DA FONSECA,PT do B,7074,299
2014,MG,BELO HORIZONTE,JOSE HUMBERTO SOARES,PSD,5521,608
2014,MG,BELO HORIZONTE,JOSE LAZARO DOS REIS,PSDC,2737,172
2014,MG,BELO HORIZONTE,JOSE LEONARDO COSTA MONTEIRO,PT,1363,514
2014,MG,BELO HORIZONTE,JOSE LUIZ AUGUSTO,PSB,4078,27
2014,MG,BELO HORIZONTE,JOSE MARCIANO TEIXEIRA,PSDB,4570,205
2014,MG,BELO HORIZONTE,JOSE MARCIO GONCALVES,PT,1356,94
2014,MG,BELO HORIZONTE,JOSE MARIA AMORIM DA SILVA,PHS,3177,70
2014,MG,BELO HORIZONTE,JOSE MARTINS DO NASCIMENTO JUNIOR,PV,4303,134
2014,MG,BELO HORIZONTE,JOSE NORMANDIA FILHO,PRP,4422,101
2014,MG,BELO HORIZONTE,JOSE ONOFRE DA SILVA,PSDC,2715,164
2014,MG,BELO HORIZONTE,JOSE RAIMUNDO SILVA,PT do B,7001,62
2014,MG,BELO HORIZONTE,JOSE REINALDO DE LIMA,PT do B,7009,503
2014,MG,BELO HORIZONTE,JOSE RENATO DE CASTRO,PT do B,7017,686
2014,MG,BELO HORIZONTE,JOSE RICARDO SIRIO,PMN,3363,46
2014,MG,BELO HORIZONTE,JOSE ROBERTO CORREIA FRANCA,PTC,3663,735
2014,MG,BELO HORIZONTE,JOSE ROBERTO FAGUNDES DOS SANTOS,PSL,1710,17
2014,MG,BELO HORIZONTE,JOSE ROBSON BATISTA DE OLIVEIRA,PT do B,7049,1502
2014,MG,BELO HORIZONTE,JOSE SARAIVA FELIPE,PMDB,1590,2289
2014,MG,BELO HORIZONTE,JOSE SILVA SOARES,SD,7777,2311
2014,MG,BELO HORIZONTE,JOSIANE ASSIS DE BOUCHERVILLE,PSTU,1677,6
2014,MG,BELO HORIZONTE,JOSIAS DE AGUIAR RIBEIRO,PDT,1245,248
2014,MG,BELO HORIZONTE,JUAREZ JOSE MUNIZ,PDT,1244,31
2014,MG,BELO HORIZONTE,JULIANA ROCHA MARQUES,PSTU,1675,5
2014,MG,BELO HORIZONTE,JULIANE LOURDES SILVA,PHS,3114,110
2014,MG,BELO HORIZONTE,JULIO ALVES DA SILVA,PSC,2001,39
2014,MG,BELO HORIZONTE,JULIO CESAR DELGADO,PSB,4050,2878
2014,MG,BELO HORIZONTE,KAREN GISELE DA SILVA,PDT,1286,15
2014,MG,BELO HORIZONTE,KELMA MELO GONCALVES COSTA,PT do B,7064,350
2014,MG,BELO HORIZONTE,KENNYA CRISTINA MACHADO DE ARAUJO,PHS,3116,3
2014,MG,BELO HORIZONTE,LAERCIO LETRO RIBEIRO,PDT,1212,645
2014,MG,BELO HORIZONTE,LAUDENY REGINA WANDERLEY,PT,1398,18
2014,MG,BELO HORIZONTE,LAUDIVIO ALVARENGA CARVALHO,PMDB,1580,39835
2014,MG,BELO HORIZONTE,LAURINHA FERREIRA GONCALVES,PRB,1040,7
2014,MG,BELO HORIZONTE,LAWRENCE DE MELO BORGES,PV,4340,15
2014,MG,BELO HORIZONTE,LEDA LOURENCO BRAGA,SD,7752,3
2014,MG,BELO HORIZONTE,LEONARDO ANDRE PEREIRA DE BARROS,SD,7707,81
2014,MG,BELO HORIZONTE,LEONARDO LEMOS BARROS QUINTAO,PMDB,1500,29026
2014,MG,BELO HORIZONTE,LEONARDO NASCIMENTO,DEM,2500,88
2014,MG,BELO HORIZONTE,LEONE MACIEL FONSECA,PMN,3344,512
2014,MG,BELO HORIZONTE,LILIAN PINHO DIAS,PV,4330,57
2014,MG,BELO HORIZONTE,LINCOLN DINIZ PORTELA,PR,2233,24391
2014,MG,BELO HORIZONTE,LINDOMAR GOMES DA SILVA,PT,1313,3348
2014,MG,BELO HORIZONTE,LOURIVAL DE SOUSA GONCALVES,PSOL,5055,69
2014,MG,BELO HORIZONTE,LUANA CAXEADO SILVA,PT,1392,42
2014,MG,BELO HORIZONTE,LUCAS ANTONIO DE MORAIS,PPS,2338,15
2014,MG,BELO HORIZONTE,LUCAS GOMES ARCANJO,PRTB,2868,349
2014,MG,BELO HORIZONTE,LUCAS ISRAEL SILVA DE OLIVEIRA,PSB,4012,4734
2014,MG,BELO HORIZONTE,LUCIA MARIA DA SILVA MOREIRA,PSB,4019,226
2014,MG,BELO HORIZONTE,LUCIANA DE OLIVEIRA ARCHETE,PSB,4042,34
2014,MG,BELO HORIZONTE,LUCIANA VAZ VENANCIO,PPL,5421,139
2014,MG,BELO HORIZONTE,LUCIANO FARIAS DA SILVA,PTN,1960,8
2014,MG,BELO HORIZONTE,LUCIANO JOSE DE OLIVEIRA,PSD,5560,0
2014,MG,BELO HORIZONTE,LUCIANO PALMA PROCOPIO BRETAS,PTB,1444,3644
2014,MG,BELO HORIZONTE,LUCIENE CRISTINE DE OLIVEIRA FERREIRA,PSDB,4505,269
2014,MG,BELO HORIZONTE,LUCILIA MARIA OTONI SILVA,PT do B,7011,189
2014,MG,BELO HORIZONTE,LUIS ANTONIO BATISTA,PSL,1757,5
2014,MG,BELO HORIZONTE,LUIS HENRIQUE DE OLIVEIRA RESENDE,PT do B,7070,46370
2014,MG,BELO HORIZONTE,LUIZ ADRIAN DE MORAES PAZ,PT do B,7072,1466
2014,MG,BELO HORIZONTE,LUIZ ANTONIO BARROSO RODRIGUES,PSC,2024,290
2014,MG,BELO HORIZONTE,LUIZ CARLOS DIAS BARBOSA,PV,4325,532
2014,MG,BELO HORIZONTE,LUIZ CARLOS VICENTE,PSTU,1640,25
2014,MG,BELO HORIZONTE,LUIZ FERNANDO RAMOS FARIA,PP,1145,1952
2014,MG,BELO HORIZONTE,LUIZ FERNANDO RODRIGUES GOMES,PSOL,5010,688
2014,MG,BELO HORIZONTE,LUIZ GONZAGA RIBEIRO,PDT,1231,21934
2014,MG,BELO HORIZONTE,LUIZ OTAVIO DA TRINDADE,PSOL,5053,62
2014,MG,BELO HORIZONTE,LUZIA MARIA FERREIRA,PPS,2323,18970
2014,MG,BELO HORIZONTE,LUZIA REGINA DE OLIVEIRA DOMINGUES,PV,4328,0
2014,MG,BELO HORIZONTE,MAC DOWEL CAMPOS SILVA,SD,7766,1563
2014,MG,BELO HORIZONTE,MADALENA DE FATIMA GUALBERTO FARIA,PT do B,7059,543
2014,MG,BELO HORIZONTE,MAGNOLIA RODRIGUES DE SOUZA,PSL,1712,55
2014,MG,BELO HORIZONTE,MAIRA DOS SANTOS CARLOS,PMDB,1520,80
2014,MG,BELO HORIZONTE,MANOEL BISPO DOS SANTOS,PV,4380,25
2014,MG,BELO HORIZONTE,MANOEL FERREIRA DA SILVA,PRTB,2855,199
2014,MG,BELO HORIZONTE,MANOEL NERES DA SILVA FILHO,PDT,1255,140
2014,MG,BELO HORIZONTE,MARA CHRISTINA FERREIRA ALMADA,PSB,4045,327
2014,MG,BELO HORIZONTE,MARCELA HOEHNE GOULART,PCB,2123,43
2014,MG,BELO HORIZONTE,MARCELO BAETA MIRANDA,PEN,5114,30
2014,MG,BELO HORIZONTE,MARCELO GUILHERME DE ARO FERREIRA,PHS,3133,42833
2014,MG,BELO HORIZONTE,MARCELO HENRIQUE TEIXEIRA DIAS,PRP,4433,44486
2014,MG,BELO HORIZONTE,MARCELO LUIZ DE SOUZA ALVES,PSB,4034,201
2014,MG,BELO HORIZONTE,MARCELO RODRIGUES DOS SANTOS,PTC,3635,35
2014,MG,BELO HORIZONTE,MARCIO APARECIDO MARTINS DE SOUZA,PMN,3390,61
2014,MG,BELO HORIZONTE,MARCIO CALAFIORI RESENDE,PSC,2011,177
2014,MG,BELO HORIZONTE,MARCIO DA SILVA,PT do B,7024,123
2014,MG,BELO HORIZONTE,MARCIO TEIXEIRA NOBRE,PSDC,2700,176
2014,MG,BELO HORIZONTE,MARCO ANTONIO DE OLIVEIRA ZOCRATO,PCB,2122,1322
2014,MG,BELO HORIZONTE,MARCO ANTONIO FELICIO DA SILVA,DEM,2560,2474
2014,MG,BELO HORIZONTE,MARCO ANTONIO VILAS BOAS,PMN,3340,67
2014,MG,BELO HORIZONTE,MARCO TULIO FAISSOL TANNUS,PMDB,1530,173
2014,MG,BELO HORIZONTE,MARCOS ANTONIO ALVIM,PSC,2014,212
2014,MG,BELO HORIZONTE,MARCOS ANTONIO DE MEDEIROS,PRB,1050,467
2014,MG,BELO HORIZONTE,MARCOS AURELIO PASCHOALIN,PSD,5544,0
2014,MG,BELO HORIZONTE,MARCOS MONTES CORDEIRO,PSD,5545,1259
2014,MG,BELO HORIZONTE,MARCOS MOURA FRANCO,PTC,3609,5
2014,MG,BELO HORIZONTE,MARCOS TULIO DA SILVA CRUZ,PEN,5100,1338
2014,MG,BELO HORIZONTE,MARCUS SALVIO PIERONI,PSL,1702,56
2014,MG,BELO HORIZONTE,MARCUS VINICIUS CAETANO PESTANA DA SILVA,PSDB,4555,7714
2014,MG,BELO HORIZONTE,MARDELENE CEZAR RODRIGUES DE JESUS,PSB,4005,994
2014,MG,BELO HORIZONTE,MARIA APARECIDA DE CARVALHO MORAES,PV,4383,17
2014,MG,BELO HORIZONTE,MARIA APARECIDA DE OLIVEIRA EULALIO,PTC,3618,118
2014,MG,BELO HORIZONTE,MARIA APARECIDA DE OLIVEIRA SOUZA,PSB,4070,286
2014,MG,BELO HORIZONTE,MARIA APARECIDA MENEZES VIEIRA,PC do B,6569,460
2014,MG,BELO HORIZONTE,MARIA APARECIDA VIEIRA,PSDB,4515,267
2014,MG,BELO HORIZONTE,MARIA CRISTINA VILELA,DEM,2580,45
2014,MG,BELO HORIZONTE,MARIA DA CONCEICAO SOARES LEAL FIGUEIREDO,PSB,4006,212
2014,MG,BELO HORIZONTE,MARIA DA CONSOLACAO ROCHA,PSOL,5050,11558
2014,MG,BELO HORIZONTE,MARIA DA PENHA DE JESUS,PTB,1435,24
2014,MG,BELO HORIZONTE,MARIA DE FATIMA COSTA,PTN,1924,8
2014,MG,BELO HORIZONTE,MARIA DE FATIMA MOURA VARGAS,DEM,2570,8
2014,MG,BELO HORIZONTE,MARIA DE FATIMA TAVARES,PSL,1745,42
2014,MG,BELO HORIZONTE,MARIA DE LOURDES RIBEIRO,PTB,1402,8
2014,MG,BELO HORIZONTE,MARIA DO CARMO LARA PERPETUO,PT,1300,3335
2014,MG,BELO HORIZONTE,MARIA DO SOCORRO JO MORAES,PC do B,6565,29446
2014,MG,BELO HORIZONTE,MARIA LUCIA DIAS VALENTIM,PSDB,4510,396
2014,MG,BELO HORIZONTE,MARIA LUIZA MOTA SILVA,PT do B,7029,205
2014,MG,BELO HORIZONTE,MARIA MARGARIDA MARTINS SALOMAO,PT,1314,2022
2014,MG,BELO HORIZONTE,MARIA PEREIRA DOS REIS,PT do B,7033,1246
2014,MG,BELO HORIZONTE,MARIA PERPETUO SOCORRO DE MORAES,PSB,4054,85
2014,MG,BELO HORIZONTE,MARIA RIBEIRO DE ANDRADA E OLIVEIRA FIGUEIREDO,PSB,4043,236
2014,MG,BELO HORIZONTE,MARIA SOCORRO SANTOS SILVA,PP,1113,151
2014,MG,BELO HORIZONTE,MARIENE PATRICIA RODRIGUES,PSB,4017,50
2014,MG,BELO HORIZONTE,MARILIA GONCALVES ANDRADE DE OLIVEIRA,PTC,3633,262
2014,MG,BELO HORIZONTE,MARILIA RIBEIRO SIMIM,PT do B,7047,33
2014,MG,BELO HORIZONTE,MARILZA ALVES DE FIGUEIREDO,PSC,2030,95
2014,MG,BELO HORIZONTE,MARIO LUCIO HERINGER,PDT,1234,10571
2014,MG,BELO HORIZONTE,MARLUCE RODRIGUES PEREIRA DE PAIVA,PT do B,7066,595
2014,MG,BELO HORIZONTE,MATEUS NUNES,PDT,1203,59
2014,MG,BELO HORIZONTE,MATHEUS COSTA DE ALMEIDA,PSTU,1699,36
2014,MG,BELO HORIZONTE,MAURA MARIA DA SILVA FOUREAUX MACEDO,PTB,1456,152
2014,MG,BELO HORIZONTE,MAURICIO VALLE SALLES,PV,4345,273
2014,MG,BELO HORIZONTE,MAURILIO BARBOSA DA SILVA,PDT,1260,724
2014,MG,BELO HORIZONTE,MAURILO DE CERQUEIRA MARINHO,PSOL,5012,125
2014,MG,BELO HORIZONTE,MAURO CESAR ALVES DE SOUSA,SD,7734,185
2014,MG,BELO HORIZONTE,MAURO DE OLIVEIRA,PT do B,7082,2
2014,MG,BELO HORIZONTE,MAURO FERNANDES LOPES DE LIMA E SOUSA,PDT,1201,818
2014,MG,BELO HORIZONTE,MAURO JORGE DE PAULA BOMFIM,PMN,3300,748
2014,MG,BELO HORIZONTE,MAURO LUCIO DA SILVA,PRTB,2840,12
2014,MG,BELO HORIZONTE,MAURO LUIZ DA SILVA,DEM,2511,25
2014,MG,BELO HORIZONTE,MAURO RIBEIRO LOPES,PMDB,1511,2951
2014,MG,BELO HORIZONTE,MAX FREDSON DE SOUZA MOL,PSTU,1618,45
2014,MG,BELO HORIZONTE,MIGUEL ANGELO DOS SANTOS,PT do B,7076,381
2014,MG,BELO HORIZONTE,MIGUEL CORREA DA SILVA JUNIOR,PT,1330,27549
2014,MG,BELO HORIZONTE,MILENE DAS GRACAS GANDRA,PPL,5412,33
2014,MG,BELO HORIZONTE,MILIANE AMELIA DE AGUIAR,PSDB,4512,744
2014,MG,BELO HORIZONTE,MISAEL ARTUR FERREIRA VARELLA,DEM,2505,1366
2014,MG,BELO HORIZONTE,MOABE SIDONIO DA SILVA,PMN,3346,130
2014,MG,BELO HORIZONTE,MOACIR PEREIRA COIMBRA,PSC,2000,847
2014,MG,BELO HORIZONTE,MOAMED RACHID GARIFF NOLETO DE QUEIROZ,PDT,1233,1733
2014,MG,BELO HORIZONTE,MURILO DE PAIVA,PT do B,7041,449
2014,MG,BELO HORIZONTE,NADIR GRACIANO BRANDAO,PDT,1280,166
2014,MG,BELO HORIZONTE,NANCI JUSSARA MARQUES BARBOSA,PRP,4404,105
2014,MG,BELO HORIZONTE,NANCY GOULART,PTN,1928,6
2014,MG,BELO HORIZONTE,NEIDE PEREIRA DE MELO TANNUS,PMN,3319,4
2014,MG,BELO HORIZONTE,NELSON PAULINO DA COSTA,PSL,1715,8
2014,MG,BELO HORIZONTE,NEUSA ALVES BATISTA,SD,7709,2
2014,MG,BELO HORIZONTE,NEWTON CARDOSO JUNIOR,PMDB,1510,3571
2014,MG,BELO HORIZONTE,NILMARIO DE MIRANDA,PT,1331,11997
2014,MG,BELO HORIZONTE,NILO SERGIO DE MENEZES MACEDO,PT,1388,216
2014,MG,BELO HORIZONTE,NILSON DOS SANTOS,PTN,1975,472
2014,MG,BELO HORIZONTE,NILZETE BANDEIRA TAVARES DE ALMEIDA,PSD,5530,6
2014,MG,BELO HORIZONTE,NIVALDO INACIO MORAIS,PP,1123,176
2014,MG,BELO HORIZONTE,NIVALDO LAGARES PINTO,PDT,1222,137
2014,MG,BELO HORIZONTE,NORMA MARIA LEAO,PSB,4039,70
2014,MG,BELO HORIZONTE,ODAIR JOSE DA CUNHA,PT,1307,1279
2014,MG,BELO HORIZONTE,ODELMO LEAO CARNEIRO SOBRINHO,PP,1199,374
2014,MG,BELO HORIZONTE,OLAVO BILAC PINTO NETO,PR,2245,1790
2014,MG,BELO HORIZONTE,ORLANDO RODRIGUES MONTEIRO,PT do B,7034,19
2014,MG,BELO HORIZONTE,OSWALDO BENTO PEREIRA SANCHES,PTB,1420,0
2014,MG,BELO HORIZONTE,OTAGILDO FERNANDES SIMOES,PSOL,5025,62
2014,MG,BELO HORIZONTE,OVIDIO DANIEL DE SOUZA,PDT,1277,22
2014,MG,BELO HORIZONTE,OVIMAR DOS REIS SOUTO,PTC,3690,2760
2014,MG,BELO HORIZONTE,PABLO DO AMARAL LOPES,PEN,5112,602
2014,MG,BELO HORIZONTE,PATRICIA MARIA COUTINHO NESSIM,PEN,5118,157
2014,MG,BELO HORIZONTE,PATRICK OSORIO DE MELO DOS SANTOS,PCB,2112,91
2014,MG,BELO HORIZONTE,PATRUS ANANIAS DE SOUSA,PT,1333,80262
2014,MG,BELO HORIZONTE,PAULA CAMARGOS PINHEIRO,PSDB,4523,777
2014,MG,BELO HORIZONTE,PAULO ABI-ACKEL,PSDB,4545,5482
2014,MG,BELO HORIZONTE,PAULO ALBERTO RISSO DE SOUZA,PT do B,7090,632
2014,MG,BELO HORIZONTE,PAULO DA COSTA JUNIOR,PSB,4055,668
2014,MG,BELO HORIZONTE,PAULO HENRIQUE GABRIEL,PSTU,1611,15
2014,MG,BELO HORIZONTE,PAULO HENRIQUE LOPES,PTN,1933,59
2014,MG,BELO HORIZONTE,PAULO HENRIQUE PAULINO E SILVA,PT do B,7005,149
2014,MG,BELO HORIZONTE,PAULO RIBEIRO DA GLORIA,PPS,2363,149
2014,MG,BELO HORIZONTE,PAULO SAFADY SIMAO,PSD,5510,4664
2014,MG,BELO HORIZONTE,PAULO SERGIO DO VALLE NOGUEIRA,PPS,2356,502
2014,MG,BELO HORIZONTE,PAULO TELLES DA SILVA,PMDB,1533,1713
2014,MG,BELO HORIZONTE,PEDRO BATISTA,PT,1344,858
2014,MG,BELO HORIZONTE,PEDRO CORREA ALVARENGA BARROS,PPS,2399,79
2014,MG,BELO HORIZONTE,PEDRO WILSON ROCHA,PSL,1720,33
2014,MG,BELO HORIZONTE,PEDRO ZACARIAS DE MAGALHAES FERREIRA,PT,1378,165
2014,MG,BELO HORIZONTE,PRISCILA BATISTA DE MEDEIROS,PSDB,4525,445
2014,MG,BELO HORIZONTE,RAFAEL RIBEIRO TEIXEIRA,PDT,1250,709
2014,MG,BELO HORIZONTE,RAILDA FERNANDEZ COSTA,PPS,2388,16
2014,MG,BELO HORIZONTE,RAIMUNDO BATISTA DA SILVA,PPS,2324,263
2014,MG,BELO HORIZONTE,RAIR ANICIO JUNIOR,PCB,2100,66
2014,MG,BELO HORIZONTE,RANDOLFO JOSE BARBOSA,PV,4322,410
2014,MG,BELO HORIZONTE,RAQUEL DE SOUZA PRADO,PSTU,1666,168
2014,MG,BELO HORIZONTE,RAUL GUILHERME PLASSMANN,PSC,2040,3594
2014,MG,BELO HORIZONTE,REGILAINE ALVES DE CARVALHO,PSB,4014,27
2014,MG,BELO HORIZONTE,REGINA APARECIDA DIAS DOS ANJOS,PMN,3305,1
2014,MG,BELO HORIZONTE,REGINA CARMEM FERNANDES DOS SANTOS,PT do B,7042,202
2014,MG,BELO HORIZONTE,REGINA MARIA CIOFFI BATAGINI,PPS,2345,231
2014,MG,BELO HORIZONTE,REGINALDO LAZARO DE OLIVEIRA LOPES,PT,1312,6593
2014,MG,BELO HORIZONTE,REGINALDO ROSSI DE PAULA,PT do B,7092,782
2014,MG,BELO HORIZONTE,RENATA APARECIDA DE OLIVEIRA VIEIRA,PT do B,7055,77
2014,MG,BELO HORIZONTE,RENATO BARBOSA DE ANDRADE,PP,1100,721
2014,MG,BELO HORIZONTE,RENATO FABIANO MATHEUS,PMN,3313,412
2014,MG,BELO HORIZONTE,RENATO GOMES,PV,4333,454
2014,MG,BELO HORIZONTE,RENZO DO AMARAL BRAZ,PP,1121,844
2014,MG,BELO HORIZONTE,RICARDO ASSUNCAO,PTB,1414,205
2014,MG,BELO HORIZONTE,RICARDO DE OLIVEIRA LOBATO,PSB,4018,307
2014,MG,BELO HORIZONTE,RICARDO FERNANDO PEDROSA,PEN,5123,70
2014,MG,BELO HORIZONTE,RICARDO SARAIVA DIAS,PDT,1206,29
2014,MG,BELO HORIZONTE,ROBERTO ALVES DA SILVA,PT do B,7016,55
2014,MG,BELO HORIZONTE,ROBERTO ANTONIO VERONICA,PSTU,1602,571
2014,MG,BELO HORIZONTE,ROBERTO CARLOS MUNIZ,PT do B,7020,666
2014,MG,BELO HORIZONTE,ROBERTO DE QUEIROZ GONTIJO,PTC,3699,24
2014,MG,BELO HORIZONTE,ROBERTO RIBEIRO GONCALVES,PSB,4032,1320
2014,MG,BELO HORIZONTE,ROBERTO SIMAO,PRTB,2820,0
2014,MG,BELO HORIZONTE,ROBESIO ZEFERINO ROCHA,PDT,1213,154
2014,MG,BELO HORIZONTE,ROBSON GOMES SILVA,PCO,2929,1390
2014,MG,BELO HORIZONTE,ROBSON RAMOS LACERDA,PHS,3199,43
2014,MG,BELO HORIZONTE,RODRIGO BATISTA DE CASTRO,PSDB,4550,26793
2014,MG,BELO HORIZONTE,RODRIGO CAMPOS CHAGAS,PT,1310,566
2014,MG,BELO HORIZONTE,RODRIGO COSTA ARAUJO,PSB,4089,193
2014,MG,BELO HORIZONTE,RODRIGO DOS SANTOS MARQUES PORTO,PT do B,7050,3902
2014,MG,BELO HORIZONTE,RODRIGO MIRANDA MENDES,PT do B,7006,524
2014,MG,BELO HORIZONTE,RODRIGO MOREIRA LADEIRA GRILO,SD,7789,2931
2014,MG,BELO HORIZONTE,RODRIGO OTAVIO SOARES PACHECO,PMDB,1515,5922
2014,MG,BELO HORIZONTE,ROGERIO ALCANTARA DE MELO,PTC,3634,1198
2014,MG,BELO HORIZONTE,ROGERIO GONCALVES DE JESUS,PT,1353,213
2014,MG,BELO HORIZONTE,ROMULO VICTOR PINHEIRO VENEROSO,PV,4344,1599
2014,MG,BELO HORIZONTE,RONALDO BARBOSA GONCALVES,PT,1345,627
2014,MG,BELO HORIZONTE,RONALDO BRAGA,PMDB,1512,74
2014,MG,BELO HORIZONTE,RONALDO MARTINS ROCHA,PRP,4411,17
2014,MG,BELO HORIZONTE,RONALDO RESENDE RIBEIRO,PRB,1001,0
2014,MG,BELO HORIZONTE,ROSANE ALVES DA SILVA,PDT,1235,339
2014,MG,BELO HORIZONTE,ROSIANE APARECIDA VAS TOSTES,PT,1399,31
2014,MG,BELO HORIZONTE,ROSILAINE DE FATIMA CORDEIRO,PSOL,5065,20
2014,MG,BELO HORIZONTE,ROSILENE DO CARMO CARDOSO,PSDC,2707,205
2014,MG,BELO HORIZONTE,ROVILSON DE ASSIS PIMENTEL,PPL,5413,56
2014,MG,BELO HORIZONTE,RUTE DE OLIVEIRA SOUZA,PSC,2034,64
2014,MG,BELO HORIZONTE,RUY MOREIRA DE CARVALHO FILHO,PSB,4009,0
2014,MG,BELO HORIZONTE,SALMA REGINA GALLATE,PSB,4000,613
2014,MG,BELO HORIZONTE,SAMUEL ANGELO DOS SANTOS,PDT,1265,201
2014,MG,BELO HORIZONTE,SANDEMBERG SOARES PEREIRA,PTC,3644,62
2014,MG,BELO HORIZONTE,SANDRA DE SOUZA CRUZ,PTC,3650,137
2014,MG,BELO HORIZONTE,SANDRA MARCELINA DE SOUZA,PROS,9015,9
2014,MG,BELO HORIZONTE,SANDRO GONCALVES DE OLIVEIRA,PT do B,7098,11
2014,MG,BELO HORIZONTE,SANDRO LUCIO DE SOUZA COELHO,PSB,4066,510
2014,MG,BELO HORIZONTE,SARA RAYANNE SILVA AZEVEDO,PSOL,5015,557
2014,MG,BELO HORIZONTE,SAULO MIRANDA PINTO,PSB,4002,154
2014,MG,BELO HORIZONTE,SEBASTIAO DOMINGOS NETO,PDT,1214,99
2014,MG,BELO HORIZONTE,SERGIO LUCIO DE ALMEIDA,PSB,4010,963
2014,MG,BELO HORIZONTE,SIDENIR APARECIDO COELHO VENTURA,PPL,5444,50
2014,MG,BELO HORIZONTE,SIDNEY DE OLIVEIRA LIMA,PT do B,7093,229
2014,MG,BELO HORIZONTE,SILAS BRASILEIRO,PMDB,1570,813
2014,MG,BELO HORIZONTE,SILVANA APARECIDA ELIAS,PSC,2067,122
2014,MG,BELO HORIZONTE,SILVIO CESAR CAMARGO DE OLIVEIRA,PTN,1978,1287
2014,MG,BELO HORIZONTE,SILVIO CESAR CRUVINEL,PDT,1238,63
2014,MG,BELO HORIZONTE,SOLANGE VITORIA LOURENCO OLIVEIRA,PMDB,1516,40
2014,MG,BELO HORIZONTE,SONIA FERREIRA DE AMORIM TERRA,PSB,4035,156
2014,MG,BELO HORIZONTE,SONIA MARA DE PINHO TAVARES,PMDB,1525,92
2014,MG,BELO HORIZONTE,SONIA MARIA DE DEUS VIEIRA,PSB,4021,136
2014,MG,BELO HORIZONTE,SONIA MARIA FERREIRA,PP,1156,21
2014,MG,BELO HORIZONTE,SONIA MARIA FERREIRA,PSDB,4517,154
2014,MG,BELO HORIZONTE,STEFANO AGUIAR DOS SANTOS,PSB,4044,29406
2014,MG,BELO HORIZONTE,STENIA ARAUJO JOURINK,PSTU,1615,24
2014,MG,BELO HORIZONTE,STENIO MESSIAS DOS SANTOS,PSTU,1631,69
2014,MG,BELO HORIZONTE,STOESSEL LUIZ VINHAS RIBEIRO,PPS,2300,68
2014,MG,BELO HORIZONTE,SUELY GOMES,PTC,3607,179
2014,MG,BELO HORIZONTE,TAMIRES MARTINS SILVA,PMN,3393,1
2014,MG,BELO HORIZONTE,TANIA GERALDA DE SOUZA SILVA,PTC,3677,63
2014,MG,BELO HORIZONTE,TANIA RAQUEL DE QUEIROZ MUNIZ,PSC,2010,1863
2014,MG,BELO HORIZONTE,TEREZA CRISTINA DE ALMEIDA FREITAS,PT do B,7026,24
2014,MG,BELO HORIZONTE,TEREZINHA GUNDIM BIAGI,PSDB,4546,120
2014,MG,BELO HORIZONTE,THAIS CLAUDIA D AFONSECA DA SILVA,PT do B,7037,857
2014,MG,BELO HORIZONTE,THAIS RIBEIRO,PR,2288,9
2014,MG,BELO HORIZONTE,THEREZINHA SANT ANNA COUTO,PSB,4053,226
2014,MG,BELO HORIZONTE,THIAGO FERREIRA CAMARGOS,PCB,2121,271
2014,MG,BELO HORIZONTE,TILDEN JOSE SANTIAGO,PSB,4004,1257
2014,MG,BELO HORIZONTE,TUANE GARCIA ROCHA,PROS,9040,4
2014,MG,BELO HORIZONTE,URBANO ABRAO SIMAO,PDT,1211,95
2014,MG,BELO HORIZONTE,VAGNER ALVES CLEMENTE,PSB,4041,872
2014,MG,BELO HORIZONTE,VALERIA GOMES DOS SANTOS,PTB,1457,12
2014,MG,BELO HORIZONTE,VALERIO NETO DE OLIVEIRA,PR,2204,240
2014,MG,BELO HORIZONTE,VALERIO VIEIRA DOS SANTOS,PSTU,1616,70
2014,MG,BELO HORIZONTE,VALTER PEREIRA DE OLIVEIRA,PDT,1215,29
2014,MG,BELO HORIZONTE,VANDERLEI DORNELAS TOMAZ,PSC,2021,48
2014,MG,BELO HORIZONTE,VANDERLEI SANTOS,PT,1386,19
2014,MG,BELO HORIZONTE,VANILDA CARDOSO OLIVEIRA DE ARAUJO,PTN,1934,57
2014,MG,BELO HORIZONTE,VERONICA LUCIA DE CARVALHO,PT do B,7063,188
2014,MG,BELO HORIZONTE,VICENTE DINAERTI CARVALHO,PSDB,4528,93
2014,MG,BELO HORIZONTE,VICENTE DOS REIS MARINHO,PV,4353,356
2014,MG,BELO HORIZONTE,VILMAR DE SOUZA E SILVA,PTN,1919,895
2014,MG,BELO HORIZONTE,VILSON ANTONIO DOS SANTOS,PTB,1400,342
2014,MG,BELO HORIZONTE,VILSON LUIZ DA SILVA,PSB,4057,878
2014,MG,BELO HORIZONTE,VINICIUS SAMOR DE LACERDA,PT do B,7099,54
2014,MG,BELO HORIZONTE,VITOR PENIDO DE BARROS,DEM,2526,3325
2014,MG,BELO HORIZONTE,WADSON NATHANIEL RIBEIRO,PC do B,6510,3723
2014,MG,BELO HORIZONTE,WAGNER JOSE DA SILVA,PSC,2041,3
2014,MG,BELO HORIZONTE,WAGNER WELLYNGTHON DE BUENO BRANDAO,PSDB,4567,795
2014,MG,BELO HORIZONTE,WALKYRIA DE PAULA,PSDB,4554,463
2014,MG,BELO HORIZONTE,WALTER DA ROCHA TOSTA,PSD,5567,36565
2014,MG,BELO HORIZONTE,WALTER FERREIRA DA COSTA,PPL,5445,147
2014,MG,BELO HORIZONTE,WALTER FERREIRA DE ARAUJO,PSDB,4540,285
2014,MG,BELO HORIZONTE,WALTER MOURISSO,PTC,3639,15
2014,MG,BELO HORIZONTE,WANDER CARLOS GOMES,PT do B,7002,519
2014,MG,BELO HORIZONTE,WANDER GUIMARAES DAMACENO,PSB,4056,5416
2014,MG,BELO HORIZONTE,WANDERLEI FERNANDES BATISTA,PDT,1258,156
2014,MG,BELO HORIZONTE,WANDERLEIA DE JESUS,PPS,2303,72
2014,MG,BELO HORIZONTE,WANDERLINO TEIXEIRA DE SOUZA,PHS,3122,25
2014,MG,BELO HORIZONTE,WANDERSON MATOZINHO DE SOUZA,PTC,3600,1414
2014,MG,BELO HORIZONTE,WATSON AGUIAR,PTC,3621,5
2014,MG,BELO HORIZONTE,WEDER DE OLIVEIRA MATTOS,PT do B,7044,112
2014,MG,BELO HORIZONTE,WEDERSON OSMAR MOREIRA,PHS,3144,320
2014,MG,BELO HORIZONTE,WELITON FERNANDES PRADO,PT,1391,24733
2014,MG,BELO HORIZONTE,WELLINGTON ANTONIO VIEIRA,PTN,1900,5238
2014,MG,BELO HORIZONTE,WELTON LUIZ DE MELO,PTC,3636,786
2014,MG,BELO HORIZONTE,WILIAM TEIXEIRA RODRIGUES,PC do B,6530,408
2014,MG,BELO HORIZONTE,WILLIAM MOURA DE CARVALHO,PTN,1901,230
2014,MG,BELO HORIZONTE,WILLIAM SOARES DA SILVA,PHS,3171,118
2014,MG,BELO HORIZONTE,WILLIAN HERCULANO VIEIRA,PCB,2110,26
2014,MG,BELO HORIZONTE,WILLIAN SOARES DO CARMO,PPL,5415,66
2014,MG,BELO HORIZONTE,WILSON CALIXTO NOGUEIRA,PDT,1240,67
2014,MG,BELO HORIZONTE,WIRIS CARLOS LOPES,PHS,3132,42
2014,MG,BELO HORIZONTE,WOSHINGTON LUIS VIANA,PMDB,1501,195
2014,MG,BELO HORIZONTE,ZENILDA PEREIRA DE ALMEIDA MARCHEZINE,DEM,2501,959
2014,MG,BELO HORIZONTE,VIRGILIO MENDES,UFMG,420420,NA
2014,MG,BELO HORIZONTE,EDUARDO TAMAKI,NA,313100,11
2014,MG,BELO HORIZONTE,LAURA BEGHINI,UFMG,NA,8
2014,NA,BELO HORIZONTE,ROMULO DAMASCENO,UFMG,98263,9
