"","ANO_ELEICAO","SIGLA_UF","NOME_MUNICIPIO","NOME_CANDIDATO","SIGLA_PARTIDO","NUMERO_CAND","TOTAL_VOTOS"
"1",2014,"MG","BELO HORIZONTE","ABDIAS BRAZ FERNANDES","PPS",2340,606
"2",2014,"MG","BELO HORIZONTE","ABNER DE NER DINO PEDRA","PSDB",4501,0
"3",2014,"MG","BELO HORIZONTE","ADAO GOMES FILHO","PTB",1405,0
"4",2014,"MG","BELO HORIZONTE","ADEILSON QUINTINO DE SOUSA","PSL",1750,371
"5",2014,"MG","BELO HORIZONTE","ADEIR BATISTA PEREIRA","PROS",9020,45
"6",2014,"MG","BELO HORIZONTE","ADELMO CARNEIRO LEAO","PT",1350,3516
"7",2014,"MG","BELO HORIZONTE","ADELMO PADILHA DE MIRANDA","PRP",4488,102
"8",2014,"MG","BELO HORIZONTE","ADEMIR CAMILO PRATES RODRIGUES","PROS",9010,1508
"9",2014,"MG","BELO HORIZONTE","ADICIO DIAS SOARES","PTN",1945,1088
"10",2014,"MG","BELO HORIZONTE","ADILA VALDEMIRA SEVERINO DAS NEVES","PTC",3680,261
"11",2014,"MG","BELO HORIZONTE","ADILSON DE OLIVEIRA","PR",2255,474
"12",2014,"MG","BELO HORIZONTE","ADILSON JORGE ROSSY DOS SANTOS","PTB",1478,460
"13",2014,"MG","BELO HORIZONTE","ADMAR RODRIGUES SOARES","PT do B",7081,43
"14",2014,"MG","BELO HORIZONTE","ADRIANA ASSIS MARQUES","PV",4326,184
"15",2014,"MG","BELO HORIZONTE","ADRIANA PINHEIRO GODINHO","PSC",2015,2397
"16",2014,"MG","BELO HORIZONTE","ADRIANE SOARES DE MIRANDA MEDEIROS","PT",1381,315
"17",2014,"MG","BELO HORIZONTE","ADRIANO MATEUS FERREIRA","PSB",4067,146
"18",2014,"MG","BELO HORIZONTE","AECIO TADEU FERREIRA SANTOS","PPS",2330,172
"19",2014,"MG","BELO HORIZONTE","AELTON JOSE DE FREITAS","PR",2222,1466
"20",2014,"MG","BELO HORIZONTE","AGUINALDO BRAGA DA SILVA","PSB",4001,0
"21",2014,"MG","BELO HORIZONTE","ALAERSON CHAVES DA SILVA","PSB",4030,128
"22",2014,"MG","BELO HORIZONTE","ALAIDE PIMENTA GOMES","PTN",1993,171
"23",2014,"MG","BELO HORIZONTE","ALBERTO CARLOS GOMES TAMEIRAO","PSB",4025,0
"24",2014,"MG","BELO HORIZONTE","ALCINDOR RIBEIRO DAMASCENO","PHS",3103,159
"25",2014,"MG","BELO HORIZONTE","ALDENI DE SOUZA GUERRA RAMOS","PDT",1267,24
"26",2014,"MG","BELO HORIZONTE","ALESSANDRA ELIAS MACHADO","PSL",1707,52
"27",2014,"MG","BELO HORIZONTE","ALEXANDRE DE AMORIM VELASCO DE SOUZA","PRB",1077,65
"28",2014,"MG","BELO HORIZONTE","ALEXANDRE DE MORAIS MARQUES","PMDB",1519,321
"29",2014,"MG","BELO HORIZONTE","ALEXANDRE GOMES FERREIRA","PTC",3670,478
"30",2014,"MG","BELO HORIZONTE","ALEXANDRE GONCALVES QUARESMA","PV",4355,278
"31",2014,"MG","BELO HORIZONTE","ALEXANDRE KALIL","PSB",4013,0
"32",2014,"MG","BELO HORIZONTE","ALEXANDRE MAGNO DE MOURA","PHS",3131,265
"33",2014,"MG","BELO HORIZONTE","ALEXANDRE RAIMUNDO BARROS LIMA","PSL",1744,1275
"34",2014,"MG","BELO HORIZONTE","ALFREDO DA SILVA RAMALHO","PRB",1020,740
"35",2014,"MG","BELO HORIZONTE","ALICIO RIBEIRO ROCHA","PTN",1999,46
"36",2014,"MG","BELO HORIZONTE","ALOISIO SANTOS NEIVA","PSB",4011,268
"37",2014,"MG","BELO HORIZONTE","ALOYSIO RODRIGUES DA CUNHA","PRP",4437,54
"38",2014,"MG","BELO HORIZONTE","ALVARO CESAR CAROLINO","PT",1301,648
"39",2014,"MG","BELO HORIZONTE","ALVARO DE ARAUJO LOBO","PSOL",5020,960
"40",2014,"MG","BELO HORIZONTE","ALVARO RODRIGUES COELHO","PT do B",7010,3212
"41",2014,"MG","BELO HORIZONTE","ALVIMAR ROGERIO DE SOUZA","PSB",4090,197
"42",2014,"MG","BELO HORIZONTE","ANA LETICIA MEDEIROS GODOI SILVA","PSTU",1680,114
"43",2014,"MG","BELO HORIZONTE","ANA LUCIA BARROSO DA SILVA","PSL",1721,17
"44",2014,"MG","BELO HORIZONTE","ANDERSON ADAUTO PEREIRA","PRB",1015,0
"45",2014,"MG","BELO HORIZONTE","ANDRE LUIZ ALMEIDA TURCI","PSC",2017,211
"46",2014,"MG","BELO HORIZONTE","ANDRE NOGUEIRA DE AVILA","PSTU",1623,137
"47",2014,"MG","BELO HORIZONTE","ANDREA NEVES BRANDAO","PPS",2307,39
"48",2014,"MG","BELO HORIZONTE","ANDREIA JACQUELINE PACHECO","PTC",3612,407
"49",2014,"MG","BELO HORIZONTE","ANDREIA MARTINS DE SOUZA BOTELHO","PSL",1723,52
"50",2014,"MG","BELO HORIZONTE","ANDRESA SA DE OLIVEIRA","PDT",1292,40
"51",2014,"MG","BELO HORIZONTE","ANDRESSA AGUILAR FREIRE","PHS",3111,0
"52",2014,"MG","BELO HORIZONTE","ANGELA MAIRINK DE SOUZA PEREIRA","PRB",1002,0
"53",2014,"MG","BELO HORIZONTE","ANGELA MARIA CARDOSO FARIAS","PTC",3630,21
"54",2014,"MG","BELO HORIZONTE","ANGELA MARIA DA SILVA","PRTB",2852,25
"55",2014,"MG","BELO HORIZONTE","ANGELO AMARO DA SILVA","PSOL",5070,77
"56",2014,"MG","BELO HORIZONTE","ANTONIA DE JESUS FERREIRA ARAUJO","DEM",2514,322
"57",2014,"MG","BELO HORIZONTE","ANTONIO ARQUIMEDES BORGES DE OLIVEIRA","PTB",1477,964
"58",2014,"MG","BELO HORIZONTE","ANTONIO CARLOS DUARTE","PSB",4016,95
"59",2014,"MG","BELO HORIZONTE","ANTONIO CARLOS RIBEIRO LEITE","PV",4393,50
"60",2014,"MG","BELO HORIZONTE","ANTONIO EDUARDO MARTINS","PSL",1717,1859
"61",2014,"MG","BELO HORIZONTE","ANTONIO FERREIRA PINTO","PT",1305,51
"62",2014,"MG","BELO HORIZONTE","ANTONIO JOSE DA SILVA","PTC",3656,10
"63",2014,"MG","BELO HORIZONTE","ANTONIO JOSE DE SOUZA BRITO","PDT",1251,17
"64",2014,"MG","BELO HORIZONTE","ANTONIO JULIO CRESTON DE VASCONCELLOS","PT do B",7014,94
"65",2014,"MG","BELO HORIZONTE","ANTONIO MEDINA OLIVEIRA SILVA","PTB",1410,282
"66",2014,"MG","BELO HORIZONTE","ANTONIO OLIBONI","PSC",2020,3895
"67",2014,"MG","BELO HORIZONTE","ANTONIO PINHEIRO JUNIOR","PP",1122,10534
"68",2014,"MG","BELO HORIZONTE","ARIADNA BORGES MUNIZ","PRB",1000,2626
"69",2014,"MG","BELO HORIZONTE","ARIOVALDO DE MELO FILHO","PT do B",7080,90
"70",2014,"MG","BELO HORIZONTE","ARISTOTELES ALEXANDRE BATISTA FERREIRA","PPS",2311,185
"71",2014,"MG","BELO HORIZONTE","ATILAS MEDEIROS LOPES","PDT",1200,1563
"72",2014,"MG","BELO HORIZONTE","AUGUSTA LIMA ROCHA","PT",1317,256
"73",2014,"MG","BELO HORIZONTE","AUREA CANDIDA DOS SANTOS","PDT",1224,304
"74",2014,"MG","BELO HORIZONTE","AURELIO JOAQUIM DA SILVA","PHS",3140,1853
"75",2014,"MG","BELO HORIZONTE","BARTOLOMEU MAXIMO DE FIGUEIREDO","PSOL",5028,104
"76",2014,"MG","BELO HORIZONTE","BONIFACIO JOSE TAMM DE ANDRADA","PSDB",4566,3901
"77",2014,"MG","BELO HORIZONTE","BRENO DE CASTRO ALVES CARONE","PMDB",1522,446
"78",2014,"MG","BELO HORIZONTE","BRUNA CARLA DOS SANTOS","PDT",1204,402
"79",2014,"MG","BELO HORIZONTE","BRUNIELE FERREIRA DA SILVA","PTC",3645,2266
"80",2014,"MG","BELO HORIZONTE","BRUNO BORGES MAGELLA","PMDB",1566,306
"81",2014,"MG","BELO HORIZONTE","CACILDA MARIA CARVALHO DA CRUZ","PMDB",1505,727
"82",2014,"MG","BELO HORIZONTE","CAIO NARCIO RODRIGUES DA SILVEIRA","PSDB",4520,9775
"83",2014,"MG","BELO HORIZONTE","CARINE MARTINS VIEIRA","PSTU",1688,79
"84",2014,"MG","BELO HORIZONTE","CARLA CRISTINA CARVALHO SANTOS","PSD",5520,20
"85",2014,"MG","BELO HORIZONTE","CARLOS ALBERTO ALVES","PEN",5113,215
"86",2014,"MG","BELO HORIZONTE","CARLOS ANTONIO VIEIRA","PT",1390,221
"87",2014,"MG","BELO HORIZONTE","CARLOS DIAMANTINO ALKMIM","PDT",1254,438
"88",2014,"MG","BELO HORIZONTE","CARLOS DO CARMO ANDRADE MELLES","DEM",2555,1292
"89",2014,"MG","BELO HORIZONTE","CARLOS EDUARDO DA CUNHA","PSL",1747,402
"90",2014,"MG","BELO HORIZONTE","CARLOS EDUARDO VENTURELLI MOSCONI","PSDB",4513,1866
"91",2014,"MG","BELO HORIZONTE","CARLOS EINSTEIN GOMES DINIZ","PT",1332,191
"92",2014,"MG","BELO HORIZONTE","CARLOS FREDERICO MARCELO DA CUNHA CAVALCANTI","PSC",2022,612
"93",2014,"MG","BELO HORIZONTE","CARLOS HENRIQUE FERRARA FERNANDES","PT do B",7060,278
"94",2014,"MG","BELO HORIZONTE","CARLOS MAGNO TABORDA","PTN",1972,105
"95",2014,"MG","BELO HORIZONTE","CARLOS RENATO DIAS MUNIZ","PSDC",2777,591
"96",2014,"MG","BELO HORIZONTE","CARLOS WAGNER DA SILVA DIAS","PTC",3651,0
"97",2014,"MG","BELO HORIZONTE","CAROLINA MARIA ALVARENGA ESPERANCA FONSECA","PT",1360,82
"98",2014,"MG","BELO HORIZONTE","CATHIA INDIO DO BRASIL KENTISH","PMDB",1509,227
"99",2014,"MG","BELO HORIZONTE","CELENE GOMES SANTIAGO","PV",4390,20
"100",2014,"MG","BELO HORIZONTE","CELESTE ALFREDO FERNANDES","PSB",4022,348
"101",2014,"MG","BELO HORIZONTE","CELIA ALVES PEREIRA","PT do B",7031,2045
"102",2014,"MG","BELO HORIZONTE","CELIA MARIA BENEVIDES CORDEIRO","SD",7727,69
"103",2014,"MG","BELO HORIZONTE","CELTON ROCHA MESQUITA","PT do B",7057,1645
"104",2014,"MG","BELO HORIZONTE","CELY PEREIRA DOS SANTOS","PSL",1788,307
"105",2014,"MG","BELO HORIZONTE","CESAR LOURENCO DIAS DE CASTRO","PT do B",7019,1340
"106",2014,"MG","BELO HORIZONTE","CEZAR BATISTA DE OLIVEIRA","SD",7700,0
"107",2014,"MG","BELO HORIZONTE","CHARLES CARDOSO DE JESUS","PTB",1425,472
"108",2014,"MG","BELO HORIZONTE","CHRISTIANE OLIVEIRA BEZERRA PRINCE","PSD",5590,7
"109",2014,"MG","BELO HORIZONTE","CIRLAINE MARIA LIBERATO DE AVELIZ","PTN",1951,5
"110",2014,"MG","BELO HORIZONTE","CIRLENE ANICIO DE BRITO","PCB",2133,36
"111",2014,"MG","BELO HORIZONTE","CLARA MARTINS CIRINO DOS SANTOS","PTC",3660,0
"112",2014,"MG","BELO HORIZONTE","CLAUDIA FERNANDES DOS SANTOS","PTN",1927,148
"113",2014,"MG","BELO HORIZONTE","CLAUDINE BENEDITO BATALHA","PSL",1722,12
"114",2014,"MG","BELO HORIZONTE","CLAUDIO ALFREDO DE LIMA NAVES","PTC",3678,85
"115",2014,"MG","BELO HORIZONTE","CLEIDE MARIA DE SOUZA","PT",1371,24
"116",2014,"MG","BELO HORIZONTE","CLESIO MUCIO DRUMOND FILHO","PSB",4003,137
"117",2014,"MG","BELO HORIZONTE","CLESIO REZENDE COSTA","PSL",1789,88
"118",2014,"MG","BELO HORIZONTE","CLOVIS ADRIANO GARCIA","PT do B",7003,332
"119",2014,"MG","BELO HORIZONTE","CRISTIANE APARECIDA DA SILVA","PSL",1785,7
"120",2014,"MG","BELO HORIZONTE","CROVYMARA ELIAS BATALHA","PMDB",1578,100
"121",2014,"MG","BELO HORIZONTE","CYRANO VITALI VIOTTI","PPS",2333,236
"122",2014,"MG","BELO HORIZONTE","DACI CLEIA ALVES DE OLIVEIRA","PDT",1242,14
"123",2014,"MG","BELO HORIZONTE","DALMO DE ASSIS PEREIRA","PSDB",4544,336
"124",2014,"MG","BELO HORIZONTE","DALTON HENRIQUE DE ALBUQUERQUE","PEN",5170,2
"125",2014,"MG","BELO HORIZONTE","DAMINA DE CARVALHO PEREIRA","PMN",3333,807
"126",2014,"MG","BELO HORIZONTE","DANIEL FRAGA ALPES","PSL",1790,21
"127",2014,"MG","BELO HORIZONTE","DANIEL GOMES SIMIAO","PV",4399,83
"128",2014,"MG","BELO HORIZONTE","DANIEL LAGES WARDIL","PSTU",1644,116
"129",2014,"MG","BELO HORIZONTE","DAVID DA SILVA MARQUES SILVEIRA","DEM",2599,0
"130",2014,"MG","BELO HORIZONTE","DENISE FERREIRA PINTO","PMDB",1588,72
"131",2014,"MG","BELO HORIZONTE","DEUSDEDIT BERNARDO DOS REIS","PMN",3312,66
"132",2014,"MG","BELO HORIZONTE","DEYSE KELLY RODRIGUES DA COSTA","PSD",5580,9
"133",2014,"MG","BELO HORIZONTE","DIEGO LEONARDO DE ANDRADE CARVALHO","PSD",5555,10876
"134",2014,"MG","BELO HORIZONTE","DILZA MONICA DE CARVALHO","PSL",1777,47
"135",2014,"MG","BELO HORIZONTE","DIMAS FABIANO TOLEDO JUNIOR","PP",1111,2983
"136",2014,"MG","BELO HORIZONTE","DIVA DOMINGOS DA SILVA","PSL",1711,7
"137",2014,"MG","BELO HORIZONTE","DIVA FERNANDES DA SILVA","PV",4302,495
"138",2014,"MG","BELO HORIZONTE","DIVINO HENRIQUES DOS SANTOS","PTC",3646,61
"139",2014,"MG","BELO HORIZONTE","DJALBERT JOSE DE ALMEIDA","PRTB",2828,17
"140",2014,"MG","BELO HORIZONTE","DOMINGOS FRANCISCO DE CASTRO","PT do B",7040,1543
"141",2014,"MG","BELO HORIZONTE","DOMINGOS SAVIO CAMPOS RESENDE","PSDB",4560,8631
"142",2014,"MG","BELO HORIZONTE","DULCINEIA PEREIRA DOS SANTOS","PSDB",4522,519
"143",2014,"MG","BELO HORIZONTE","EDENILSON DURAES DE OLIVEIRA","PPS",2322,152
"144",2014,"MG","BELO HORIZONTE","EDIVAM TEODORO","PSB",4027,86
"145",2014,"MG","BELO HORIZONTE","EDMAR LUIZ XAVIER NETO","PEN",5110,34
"146",2014,"MG","BELO HORIZONTE","EDMUNDO MIGUEL MARTINS","PT do B",7023,882
"147",2014,"MG","BELO HORIZONTE","EDNA DIAS SANTOS","PDT",1210,1738
"148",2014,"MG","BELO HORIZONTE","EDNA FERREIRA DE SALES OLIVEIRA","PPL",5480,109
"149",2014,"MG","BELO HORIZONTE","EDNA SARMENTO BARROS","PDT",1232,326
"150",2014,"MG","BELO HORIZONTE","EDNEIA SOUSA LIMA","PTB",1455,106
"151",2014,"MG","BELO HORIZONTE","EDSON CORREA BITENCOURT","PTC",3623,21
"152",2014,"MG","BELO HORIZONTE","EDSON GONCALVES SOARES","PT do B",7089,334
"153",2014,"MG","BELO HORIZONTE","EDSON MOREIRA DA SILVA","PTN",1907,28806
"154",2014,"MG","BELO HORIZONTE","EDSON TOYOSHI CHIBA","PSDC",2720,195
"155",2014,"MG","BELO HORIZONTE","EDUARDO DE SOUZA MAIA","PT do B",7008,1264
"156",2014,"MG","BELO HORIZONTE","EDUARDO LUIZ BARROS BARBOSA","PSDB",4535,5114
"157",2014,"MG","BELO HORIZONTE","EFRAIM LENINI SOARES FRAGA","PTC",3610,410
"158",2014,"MG","BELO HORIZONTE","ELBE FIGUEIREDO BRANDAO SANTIAGO","PSDB",4530,1201
"159",2014,"MG","BELO HORIZONTE","ELI JOSE DE MELO","PV",4363,90
"160",2014,"MG","BELO HORIZONTE","ELIANE DE FATIMA SOUZA","PT do B",7083,496
"161",2014,"MG","BELO HORIZONTE","ELIAS RAMOS SOARES","PT do B",7087,71
"162",2014,"MG","BELO HORIZONTE","ELISETE INACIO DOS SANTOS","PDT",1207,369
"163",2014,"MG","BELO HORIZONTE","ELISEU ANTONIO DE ASSIS","PTB",1409,250
"164",2014,"MG","BELO HORIZONTE","ELISEU LOURENCO DA SILVA","PT do B",7045,95
"165",2014,"MG","BELO HORIZONTE","ELIZA BEATRIZ GALLO","PT do B",7027,365
"166",2014,"MG","BELO HORIZONTE","ELIZABETH SIMOES","PTC",3613,23
"167",2014,"MG","BELO HORIZONTE","ELMIRO ALVES DO NASCIMENTO","DEM",2520,1541
"168",2014,"MG","BELO HORIZONTE","ELZI BARBOSA DA SILVA","PSB",4007,134
"169",2014,"MG","BELO HORIZONTE","ENEIAS ANTONIO MARTINS","PSOL",5077,234
"170",2014,"MG","BELO HORIZONTE","ERICO DE MORAES COLEN","PSOL",5000,875
"171",2014,"MG","BELO HORIZONTE","ERNANE RIBEIRO PITANGUI","PMN",3310,1205
"172",2014,"MG","BELO HORIZONTE","EROS FERREIRA BIONDINI","PTB",1433,39843
"173",2014,"MG","BELO HORIZONTE","ESCARLET ORRANA TEIXEIRA RIBEIRO","PTB",1403,43
"174",2014,"MG","BELO HORIZONTE","ESIO WILSON LEVINO DE ARAUJO","PTC",3619,11
"175",2014,"MG","BELO HORIZONTE","ESTER LEMOS CAMPOS BOTELHO","SD",7788,9
"176",2014,"MG","BELO HORIZONTE","EUCLESIO MARTINS PROCOPIO","PSB",4085,22
"177",2014,"MG","BELO HORIZONTE","EUCLYDES MARCOS PETTERSEN NETO","PTB",1415,1691
"178",2014,"MG","BELO HORIZONTE","EUSTAQUIO MARCONCINE BINI","PDT",1230,138
"179",2014,"MG","BELO HORIZONTE","EVA MARCIELA MORAES","PTN",1902,18
"180",2014,"MG","BELO HORIZONTE","EVANDRO DA SILVA PEDRAS","PSB",4051,276
"181",2014,"MG","BELO HORIZONTE","EVANDRO MIZAEL DA SILVA","PR",2212,77
"182",2014,"MG","BELO HORIZONTE","EVANILDA GOMES DE PAIVA","PMN",3339,6
"183",2014,"MG","BELO HORIZONTE","EVELIN LUCILIA DA PIEDADE","PDT",1278,14
"184",2014,"MG","BELO HORIZONTE","FABIANA NUNES MACIEL","PV",4323,68
"185",2014,"MG","BELO HORIZONTE","FABIANO COSTA DINIZ","SD",7747,2090
"186",2014,"MG","BELO HORIZONTE","FABIO ANTONIO DA SILVA","PPS",2312,1382
"187",2014,"MG","BELO HORIZONTE","FABIO AUGUSTO RAMALHO DOS SANTOS","PV",4311,2250
"188",2014,"MG","BELO HORIZONTE","FABIO DOS SANTOS","PSL",1701,986
"189",2014,"MG","BELO HORIZONTE","FABIO NOVAIS MAGALHAES","PSDB",4599,120
"190",2014,"MG","BELO HORIZONTE","FABRICIO LUIS RESENDE","PT do B",7007,729
"191",2014,"MG","BELO HORIZONTE","FELIPE DE FREITAS FONSECA","PSTU",1617,18
"192",2014,"MG","BELO HORIZONTE","FERNANDO ANTONIO CARVALHO FRANCO","PRB",1045,86
"193",2014,"MG","BELO HORIZONTE","FERNANDO BORJA PINTO","PT do B",7077,7152
"194",2014,"MG","BELO HORIZONTE","FERNANDO DE MORAES","PV",4312,334
"195",2014,"MG","BELO HORIZONTE","FLAVIO DONIZETE GONCALVES","PTC",3611,87
"196",2014,"MG","BELO HORIZONTE","FRANCISCA MARIA DA SILVA","PSB",4040,553
"197",2014,"MG","BELO HORIZONTE","FRANCISCO DA SILVA","PV",4314,21
"198",2014,"MG","BELO HORIZONTE","FRANCISCO DE ASSIS MACIEL","PT",1366,1125
"199",2014,"MG","BELO HORIZONTE","FRANCISCO PANADES RUBIO","PPL",5454,1183
"200",2014,"MG","BELO HORIZONTE","FRANKLIN ROBERTO DE LIMA SOUZA","PT do B",7012,6101
"201",2014,"MG","BELO HORIZONTE","FREDERICO FIALHO DE SIQUEIRA","PCB",2199,20
"202",2014,"MG","BELO HORIZONTE","GABRIEL GUIMARAES DE ANDRADE","PT",1311,21814
"203",2014,"MG","BELO HORIZONTE","GABRIELA ROSA DOS SANTOS","PHS",3113,83
"204",2014,"MG","BELO HORIZONTE","GEORGE HILTON DOS SANTOS CECILIO","PRB",1010,33343
"205",2014,"MG","BELO HORIZONTE","GERALDO DE SOUZA GONCALVES","PDT",1290,1164
"206",2014,"MG","BELO HORIZONTE","GERALDO DIAS AMADOR","PPL",5410,77
"207",2014,"MG","BELO HORIZONTE","GERALDO FELIPE DA SILVA","PPL",5477,71
"208",2014,"MG","BELO HORIZONTE","GERALDO HILARIO TORRES","PT do B",7000,839
"209",2014,"MG","BELO HORIZONTE","GERALDO MAGELO AUDRIANO","PTC",3637,85
"210",2014,"MG","BELO HORIZONTE","GERALDO SEBASTIAO MAGELA DIAS","PSB",4008,9150
"211",2014,"MG","BELO HORIZONTE","GERALDO SILVERIO BASTOS","PCB",2111,35
"212",2014,"MG","BELO HORIZONTE","GERALDO THADEU PEDREIRA DOS SANTOS","PSD",5540,130
"213",2014,"MG","BELO HORIZONTE","GEZIEL RAMOS SILVA","PEN",5122,11
"214",2014,"MG","BELO HORIZONTE","GILBERTO ADENIE CUNHA","PSTU",1606,8
"215",2014,"MG","BELO HORIZONTE","GILBERTO BERNAL JUNIOR","PMN",3335,73
"216",2014,"MG","BELO HORIZONTE","GILBERTO PIRES OLIVEIRA","PSC",2016,11
"217",2014,"MG","BELO HORIZONTE","GILBERTO SILVA","PMN",3366,19
"218",2014,"MG","BELO HORIZONTE","GILSON DE CARVALHO QUEIROZ FILHO","PT",1377,5217
"219",2014,"MG","BELO HORIZONTE","GIOVANE FARINAZZO GAVIO","PSDB",4533,11957
"220",2014,"MG","BELO HORIZONTE","GIOVANI BATISTA GIMENES","PTN",1980,127
"221",2014,"MG","BELO HORIZONTE","GIRLEUSA FERREIRA DE SOUSA","PMDB",1545,77
"222",2014,"MG","BELO HORIZONTE","GLEIBE JOSE TERRA","PSB",4033,204
"223",2014,"MG","BELO HORIZONTE","GLEISER LUCIO BORONI SOARES","PSL",1700,782
"224",2014,"MG","BELO HORIZONTE","GREYCE DE QUEIROZ ELIAS","PRB",1011,123
"225",2014,"MG","BELO HORIZONTE","GUSTAVO CESAR ALKIMIN LOPES DE OLIVEIRA","PSB",4080,2389
"226",2014,"MG","BELO HORIZONTE","GUSTAVO DA SILVA PIRES","PROS",9090,3796
"227",2014,"MG","BELO HORIZONTE","GUSTAVO HENRIQUE PERRELLA AMARAL COSTA","SD",7745,2989
"228",2014,"MG","BELO HORIZONTE","GUSTAVO MARQUES CARVALHO MITRE","PHS",3100,3942
"229",2014,"MG","BELO HORIZONTE","GUSTAVO OLIMPIO SIQUEIRA ROCHA","PSTU",1601,296
"230",2014,"MG","BELO HORIZONTE","HELDER DA CUNHA EVANGELISTA","PPL",5432,35
"231",2014,"MG","BELO HORIZONTE","HELENA LUCIA DOS SANTOS","PT do B",7004,300
"232",2014,"MG","BELO HORIZONTE","HELENICE CUNHA DE LIMA","PSC",2077,177
"233",2014,"MG","BELO HORIZONTE","HELGA GREINER CORREA DE OLIVEIRA","PSDC",2712,53
"234",2014,"MG","BELO HORIZONTE","HELIO COSTA DE CAMPOS MELLO","PMDB",1513,346
"235",2014,"MG","BELO HORIZONTE","HELIO PEREIRA LEITAO","PTN",1953,61
"236",2014,"MG","BELO HORIZONTE","HELVECIO ANTONIO DE BRITO","PT do B",7036,21
"237",2014,"MG","BELO HORIZONTE","HELY COELHO DA SILVA","PPS",2350,30
"238",2014,"MG","BELO HORIZONTE","HENRIQUE BARRETO DOS SANTOS","PSB",4099,503
"239",2014,"MG","BELO HORIZONTE","HERBERT AUGUSTO DA SILVA","PDT",1236,256
"240",2014,"MG","BELO HORIZONTE","HUENDER FRANCO DIAS","PSTU",1633,17
"241",2014,"MG","BELO HORIZONTE","HUMBERTO GUIMARAES SOUTO","PPS",2360,614
"242",2014,"MG","BELO HORIZONTE","IARA MARTINS MORAIS","PTB",1489,26
"243",2014,"MG","BELO HORIZONTE","IARA SOFIA ALVES ESTEVES","PV",4315,0
"244",2014,"MG","BELO HORIZONTE","ILANA ARAUJO ALVES SOARES","PMDB",1540,76
"245",2014,"MG","BELO HORIZONTE","ILDEIA OTONI RIBEIRO","PPS",2328,283
"246",2014,"MG","BELO HORIZONTE","IRACI CHAVES MAURICIO VIGO","PTC",3652,17
"247",2014,"MG","BELO HORIZONTE","IRIS FERREIRA CHAVES","PSB",4069,731
"248",2014,"MG","BELO HORIZONTE","ISAIAS SILVESTRE","PSB",4077,6340
"249",2014,"MG","BELO HORIZONTE","ITALO HENRIQUE CASTELO BRANCO MUNIZ","DEM",2545,202
"250",2014,"MG","BELO HORIZONTE","IZABELA LUIZA SILVA","PPS",2310,20
"251",2014,"MG","BELO HORIZONTE","IZABELLA LOURENCA AMORIM ROMUALDO","PSTU",1610,610
"252",2014,"MG","BELO HORIZONTE","JACINTA DOS SANTOS PINTO","PSD",5509,5
"253",2014,"MG","BELO HORIZONTE","JACKSON EDUARDO DA SILVA","PTC",3672,93
"254",2014,"MG","BELO HORIZONTE","JAIME MARTINS FILHO","PSD",5550,1818
"255",2014,"MG","BELO HORIZONTE","JAIRO ATAIDE VIEIRA","DEM",2525,447
"256",2014,"MG","BELO HORIZONTE","JAKSON AMAURI AUGUSTO","PV",4384,271
"257",2014,"MG","BELO HORIZONTE","JAMIR MOREIRA DE ANDRADE","PMDB",1569,17
"258",2014,"MG","BELO HORIZONTE","JANDER MUNIZ FILARETTI","PTB",1440,1528
"259",2014,"MG","BELO HORIZONTE","JANETE DE OLIVEIRA CHAGAS CAMPOS","PDT",1252,20
"260",2014,"MG","BELO HORIZONTE","JANIO RODRIGUES DOS SANTOS","PTN",1911,51
"261",2014,"MG","BELO HORIZONTE","JAQUELINE TOMAZ DA SILVA BERNARDES","PMN",3394,3
"262",2014,"MG","BELO HORIZONTE","JARI TRINDADE MENDONCA","PT do B",7015,46
"263",2014,"MG","BELO HORIZONTE","JEFFERSON BASTOS GONCALVES","PSL",1780,79
"264",2014,"MG","BELO HORIZONTE","JEFFERSON RODRIGUES FARIA","PDT",1299,11
"265",2014,"MG","BELO HORIZONTE","JESSICA LEITE NICOLAI","PCB",2132,146
"266",2014,"MG","BELO HORIZONTE","JESSICA REJANE PEREIRA VIANA","PSOL",5005,384
"267",2014,"MG","BELO HORIZONTE","JOAO ALVES PEREIRA","PROS",9088,13
"268",2014,"MG","BELO HORIZONTE","JOAO BATISTA FERREIRA ARAUJO","PSDB",4511,778
"269",2014,"MG","BELO HORIZONTE","JOAO CARLOS BEREGENO JUNIOR","PSL",1740,8
"270",2014,"MG","BELO HORIZONTE","JOAO CARLOS SIQUEIRA","PT",1315,4322
"271",2014,"MG","BELO HORIZONTE","JOAO FRANCISCO SOUZA NETO","PMN",3345,154
"272",2014,"MG","BELO HORIZONTE","JOAO GOMES DA SILVA","PTC",3640,25
"273",2014,"MG","BELO HORIZONTE","JOAO JACIEL PEREIRA","PT do B",7088,0
"274",2014,"MG","BELO HORIZONTE","JOAQUIM DE OLIVEIRA SA FILHO","PT do B",7030,27
"275",2014,"MG","BELO HORIZONTE","JOICE DOS SANTOS MANGABEIRA","PSDB",4587,197
"276",2014,"MG","BELO HORIZONTE","JORCELINO CARDOSO SOARES","PTB",1422,135
"277",2014,"MG","BELO HORIZONTE","JORDANO CARVALHO DOS SANTOS","PSTU",1600,82
"278",2014,"MG","BELO HORIZONTE","JORGE NUNES PAULUCI","PT",1302,166
"279",2014,"MG","BELO HORIZONTE","JORGE TARCISIO TORQUATO","PSOL",5044,0
"280",2014,"MG","BELO HORIZONTE","JOSE ANASTACIO DE CARVALHO SILVA FILHO","PSB",4088,72
"281",2014,"MG","BELO HORIZONTE","JOSE ANTONIO PRATES","PHS",3123,551
"282",2014,"MG","BELO HORIZONTE","JOSE ANTONIO TEIXEIRA DE MENDONCA","PSL",1770,188
"283",2014,"MG","BELO HORIZONTE","JOSE ATALIBA CARDOSO MEIRA","PRP",4445,30
"284",2014,"MG","BELO HORIZONTE","JOSE BONOMO NETO","PT",1347,0
"285",2014,"MG","BELO HORIZONTE","JOSE CARLOS DE SOUZA","PSC",2033,0
"286",2014,"MG","BELO HORIZONTE","JOSE CARLOS FERREIRA","PTN",1921,207
"287",2014,"MG","BELO HORIZONTE","JOSE CARLOS NETO","PTB",1466,721
"288",2014,"MG","BELO HORIZONTE","JOSE DE ARAUJO GUEDES","PMDB",1591,224
"289",2014,"MG","BELO HORIZONTE","JOSE DO CARMO DE LIMA BARBOSA","PSC",2012,89
"290",2014,"MG","BELO HORIZONTE","JOSE FRANCISCO MOREIRA JORDAO","PRB",1013,8
"291",2014,"MG","BELO HORIZONTE","JOSE GERALDO MENDES DA SILVA","PMDB",1561,408
"292",2014,"MG","BELO HORIZONTE","JOSE GOMES DA FONSECA","PT do B",7074,299
"293",2014,"MG","BELO HORIZONTE","JOSE HUMBERTO SOARES","PSD",5521,608
"294",2014,"MG","BELO HORIZONTE","JOSE LAZARO DOS REIS","PSDC",2737,172
"295",2014,"MG","BELO HORIZONTE","JOSE LEONARDO COSTA MONTEIRO","PT",1363,514
"296",2014,"MG","BELO HORIZONTE","JOSE LUIZ AUGUSTO","PSB",4078,27
"297",2014,"MG","BELO HORIZONTE","JOSE MARCIANO TEIXEIRA","PSDB",4570,205
"298",2014,"MG","BELO HORIZONTE","JOSE MARCIO GONCALVES","PT",1356,94
"299",2014,"MG","BELO HORIZONTE","JOSE MARIA AMORIM DA SILVA","PHS",3177,70
"300",2014,"MG","BELO HORIZONTE","JOSE MARTINS DO NASCIMENTO JUNIOR","PV",4303,134
"301",2014,"MG","BELO HORIZONTE","JOSE NORMANDIA FILHO","PRP",4422,101
"302",2014,"MG","BELO HORIZONTE","JOSE ONOFRE DA SILVA","PSDC",2715,164
"303",2014,"MG","BELO HORIZONTE","JOSE RAIMUNDO SILVA","PT do B",7001,62
"304",2014,"MG","BELO HORIZONTE","JOSE REINALDO DE LIMA","PT do B",7009,503
"305",2014,"MG","BELO HORIZONTE","JOSE RENATO DE CASTRO","PT do B",7017,686
"306",2014,"MG","BELO HORIZONTE","JOSE RICARDO SIRIO","PMN",3363,46
"307",2014,"MG","BELO HORIZONTE","JOSE ROBERTO CORREIA FRANCA","PTC",3663,735
"308",2014,"MG","BELO HORIZONTE","JOSE ROBERTO FAGUNDES DOS SANTOS","PSL",1710,17
"309",2014,"MG","BELO HORIZONTE","JOSE ROBSON BATISTA DE OLIVEIRA","PT do B",7049,1502
"310",2014,"MG","BELO HORIZONTE","JOSE SARAIVA FELIPE","PMDB",1590,2289
"311",2014,"MG","BELO HORIZONTE","JOSE SILVA SOARES","SD",7777,2311
"312",2014,"MG","BELO HORIZONTE","JOSIANE ASSIS DE BOUCHERVILLE","PSTU",1677,6
"313",2014,"MG","BELO HORIZONTE","JOSIAS DE AGUIAR RIBEIRO","PDT",1245,248
"314",2014,"MG","BELO HORIZONTE","JUAREZ JOSE MUNIZ","PDT",1244,31
"315",2014,"MG","BELO HORIZONTE","JULIANA ROCHA MARQUES","PSTU",1675,5
"316",2014,"MG","BELO HORIZONTE","JULIANE LOURDES SILVA","PHS",3114,110
"317",2014,"MG","BELO HORIZONTE","JULIO ALVES DA SILVA","PSC",2001,39
"318",2014,"MG","BELO HORIZONTE","JULIO CESAR DELGADO","PSB",4050,2878
"319",2014,"MG","BELO HORIZONTE","KAREN GISELE DA SILVA","PDT",1286,15
"320",2014,"MG","BELO HORIZONTE","KELMA MELO GONCALVES COSTA","PT do B",7064,350
"321",2014,"MG","BELO HORIZONTE","KENNYA CRISTINA MACHADO DE ARAUJO","PHS",3116,3
"322",2014,"MG","BELO HORIZONTE","LAERCIO LETRO RIBEIRO","PDT",1212,645
"323",2014,"MG","BELO HORIZONTE","LAUDENY REGINA WANDERLEY","PT",1398,18
"324",2014,"MG","BELO HORIZONTE","LAUDIVIO ALVARENGA CARVALHO","PMDB",1580,39835
"325",2014,"MG","BELO HORIZONTE","LAURINHA FERREIRA GONCALVES","PRB",1040,7
"326",2014,"MG","BELO HORIZONTE","LAWRENCE DE MELO BORGES","PV",4340,15
"327",2014,"MG","BELO HORIZONTE","LEDA LOURENCO BRAGA","SD",7752,3
"328",2014,"MG","BELO HORIZONTE","LEONARDO ANDRE PEREIRA DE BARROS","SD",7707,81
"329",2014,"MG","BELO HORIZONTE","LEONARDO LEMOS BARROS QUINTAO","PMDB",1500,29026
"330",2014,"MG","BELO HORIZONTE","LEONARDO NASCIMENTO","DEM",2500,88
"331",2014,"MG","BELO HORIZONTE","LEONE MACIEL FONSECA","PMN",3344,512
"332",2014,"MG","BELO HORIZONTE","LILIAN PINHO DIAS","PV",4330,57
"333",2014,"MG","BELO HORIZONTE","LINCOLN DINIZ PORTELA","PR",2233,24391
"334",2014,"MG","BELO HORIZONTE","LINDOMAR GOMES DA SILVA","PT",1313,3348
"335",2014,"MG","BELO HORIZONTE","LOURIVAL DE SOUSA GONCALVES","PSOL",5055,69
"336",2014,"MG","BELO HORIZONTE","LUANA CAXEADO SILVA","PT",1392,42
"337",2014,"MG","BELO HORIZONTE","LUCAS ANTONIO DE MORAIS","PPS",2338,15
"338",2014,"MG","BELO HORIZONTE","LUCAS GOMES ARCANJO","PRTB",2868,349
"339",2014,"MG","BELO HORIZONTE","LUCAS ISRAEL SILVA DE OLIVEIRA","PSB",4012,4734
"340",2014,"MG","BELO HORIZONTE","LUCIA MARIA DA SILVA MOREIRA","PSB",4019,226
"341",2014,"MG","BELO HORIZONTE","LUCIANA DE OLIVEIRA ARCHETE","PSB",4042,34
"342",2014,"MG","BELO HORIZONTE","LUCIANA VAZ VENANCIO","PPL",5421,139
"343",2014,"MG","BELO HORIZONTE","LUCIANO FARIAS DA SILVA","PTN",1960,8
"344",2014,"MG","BELO HORIZONTE","LUCIANO JOSE DE OLIVEIRA","PSD",5560,0
"345",2014,"MG","BELO HORIZONTE","LUCIANO PALMA PROCOPIO BRETAS","PTB",1444,3644
"346",2014,"MG","BELO HORIZONTE","LUCIENE CRISTINE DE OLIVEIRA FERREIRA","PSDB",4505,269
"347",2014,"MG","BELO HORIZONTE","LUCILIA MARIA OTONI SILVA","PT do B",7011,189
"348",2014,"MG","BELO HORIZONTE","LUIS ANTONIO BATISTA","PSL",1757,5
"349",2014,"MG","BELO HORIZONTE","LUIS HENRIQUE DE OLIVEIRA RESENDE","PT do B",7070,46370
"350",2014,"MG","BELO HORIZONTE","LUIZ ADRIAN DE MORAES PAZ","PT do B",7072,1466
"351",2014,"MG","BELO HORIZONTE","LUIZ ANTONIO BARROSO RODRIGUES","PSC",2024,290
"352",2014,"MG","BELO HORIZONTE","LUIZ CARLOS DIAS BARBOSA","PV",4325,532
"353",2014,"MG","BELO HORIZONTE","LUIZ CARLOS VICENTE","PSTU",1640,25
"354",2014,"MG","BELO HORIZONTE","LUIZ FERNANDO RAMOS FARIA","PP",1145,1952
"355",2014,"MG","BELO HORIZONTE","LUIZ FERNANDO RODRIGUES GOMES","PSOL",5010,688
"356",2014,"MG","BELO HORIZONTE","LUIZ GONZAGA RIBEIRO","PDT",1231,21934
"357",2014,"MG","BELO HORIZONTE","LUIZ OTAVIO DA TRINDADE","PSOL",5053,62
"358",2014,"MG","BELO HORIZONTE","LUZIA MARIA FERREIRA","PPS",2323,18970
"359",2014,"MG","BELO HORIZONTE","LUZIA REGINA DE OLIVEIRA DOMINGUES","PV",4328,0
"360",2014,"MG","BELO HORIZONTE","MAC DOWEL CAMPOS SILVA","SD",7766,1563
"361",2014,"MG","BELO HORIZONTE","MADALENA DE FATIMA GUALBERTO FARIA","PT do B",7059,543
"362",2014,"MG","BELO HORIZONTE","MAGNOLIA RODRIGUES DE SOUZA","PSL",1712,55
"363",2014,"MG","BELO HORIZONTE","MAIRA DOS SANTOS CARLOS","PMDB",1520,80
"364",2014,"MG","BELO HORIZONTE","MANOEL BISPO DOS SANTOS","PV",4380,25
"365",2014,"MG","BELO HORIZONTE","MANOEL FERREIRA DA SILVA","PRTB",2855,199
"366",2014,"MG","BELO HORIZONTE","MANOEL NERES DA SILVA FILHO","PDT",1255,140
"367",2014,"MG","BELO HORIZONTE","MARA CHRISTINA FERREIRA ALMADA","PSB",4045,327
"368",2014,"MG","BELO HORIZONTE","MARCELA HOEHNE GOULART","PCB",2123,43
"369",2014,"MG","BELO HORIZONTE","MARCELO BAETA MIRANDA","PEN",5114,30
"370",2014,"MG","BELO HORIZONTE","MARCELO GUILHERME DE ARO FERREIRA","PHS",3133,42833
"371",2014,"MG","BELO HORIZONTE","MARCELO HENRIQUE TEIXEIRA DIAS","PRP",4433,44486
"372",2014,"MG","BELO HORIZONTE","MARCELO LUIZ DE SOUZA ALVES","PSB",4034,201
"373",2014,"MG","BELO HORIZONTE","MARCELO RODRIGUES DOS SANTOS","PTC",3635,35
"374",2014,"MG","BELO HORIZONTE","MARCIO APARECIDO MARTINS DE SOUZA","PMN",3390,61
"375",2014,"MG","BELO HORIZONTE","MARCIO CALAFIORI RESENDE","PSC",2011,177
"376",2014,"MG","BELO HORIZONTE","MARCIO DA SILVA","PT do B",7024,123
"377",2014,"MG","BELO HORIZONTE","MARCIO TEIXEIRA NOBRE","PSDC",2700,176
"378",2014,"MG","BELO HORIZONTE","MARCO ANTONIO DE OLIVEIRA ZOCRATO","PCB",2122,1322
"379",2014,"MG","BELO HORIZONTE","MARCO ANTONIO FELICIO DA SILVA","DEM",2560,2474
"380",2014,"MG","BELO HORIZONTE","MARCO ANTONIO VILAS BOAS","PMN",3340,67
"381",2014,"MG","BELO HORIZONTE","MARCO TULIO FAISSOL TANNUS","PMDB",1530,173
"382",2014,"MG","BELO HORIZONTE","MARCOS ANTONIO ALVIM","PSC",2014,212
"383",2014,"MG","BELO HORIZONTE","MARCOS ANTONIO DE MEDEIROS","PRB",1050,467
"384",2014,"MG","BELO HORIZONTE","MARCOS AURELIO PASCHOALIN","PSD",5544,0
"385",2014,"MG","BELO HORIZONTE","MARCOS MONTES CORDEIRO","PSD",5545,1259
"386",2014,"MG","BELO HORIZONTE","MARCOS MOURA FRANCO","PTC",3609,5
"387",2014,"MG","BELO HORIZONTE","MARCOS TULIO DA SILVA CRUZ","PEN",5100,1338
"388",2014,"MG","BELO HORIZONTE","MARCUS SALVIO PIERONI","PSL",1702,56
"389",2014,"MG","BELO HORIZONTE","MARCUS VINICIUS CAETANO PESTANA DA SILVA","PSDB",4555,7714
"390",2014,"MG","BELO HORIZONTE","MARDELENE CEZAR RODRIGUES DE JESUS","PSB",4005,994
"391",2014,"MG","BELO HORIZONTE","MARIA APARECIDA DE CARVALHO MORAES","PV",4383,17
"392",2014,"MG","BELO HORIZONTE","MARIA APARECIDA DE OLIVEIRA EULALIO","PTC",3618,118
"393",2014,"MG","BELO HORIZONTE","MARIA APARECIDA DE OLIVEIRA SOUZA","PSB",4070,286
"394",2014,"MG","BELO HORIZONTE","MARIA APARECIDA MENEZES VIEIRA","PC do B",6569,460
"395",2014,"MG","BELO HORIZONTE","MARIA APARECIDA VIEIRA","PSDB",4515,267
"396",2014,"MG","BELO HORIZONTE","MARIA CRISTINA VILELA","DEM",2580,45
"397",2014,"MG","BELO HORIZONTE","MARIA DA CONCEICAO SOARES LEAL FIGUEIREDO","PSB",4006,212
"398",2014,"MG","BELO HORIZONTE","MARIA DA CONSOLACAO ROCHA","PSOL",5050,11558
"399",2014,"MG","BELO HORIZONTE","MARIA DA PENHA DE JESUS","PTB",1435,24
"400",2014,"MG","BELO HORIZONTE","MARIA DE FATIMA COSTA","PTN",1924,8
"401",2014,"MG","BELO HORIZONTE","MARIA DE FATIMA MOURA VARGAS","DEM",2570,8
"402",2014,"MG","BELO HORIZONTE","MARIA DE FATIMA TAVARES","PSL",1745,42
"403",2014,"MG","BELO HORIZONTE","MARIA DE LOURDES RIBEIRO","PTB",1402,8
"404",2014,"MG","BELO HORIZONTE","MARIA DO CARMO LARA PERPETUO","PT",1300,3335
"405",2014,"MG","BELO HORIZONTE","MARIA DO SOCORRO JO MORAES","PC do B",6565,29446
"406",2014,"MG","BELO HORIZONTE","MARIA LUCIA DIAS VALENTIM","PSDB",4510,396
"407",2014,"MG","BELO HORIZONTE","MARIA LUIZA MOTA SILVA","PT do B",7029,205
"408",2014,"MG","BELO HORIZONTE","MARIA MARGARIDA MARTINS SALOMAO","PT",1314,2022
"409",2014,"MG","BELO HORIZONTE","MARIA PEREIRA DOS REIS","PT do B",7033,1246
"410",2014,"MG","BELO HORIZONTE","MARIA PERPETUO SOCORRO DE MORAES","PSB",4054,85
"411",2014,"MG","BELO HORIZONTE","MARIA RIBEIRO DE ANDRADA E OLIVEIRA FIGUEIREDO","PSB",4043,236
"412",2014,"MG","BELO HORIZONTE","MARIA SOCORRO SANTOS SILVA","PP",1113,151
"413",2014,"MG","BELO HORIZONTE","MARIENE PATRICIA RODRIGUES","PSB",4017,50
"414",2014,"MG","BELO HORIZONTE","MARILIA GONCALVES ANDRADE DE OLIVEIRA","PTC",3633,262
"415",2014,"MG","BELO HORIZONTE","MARILIA RIBEIRO SIMIM","PT do B",7047,33
"416",2014,"MG","BELO HORIZONTE","MARILZA ALVES DE FIGUEIREDO","PSC",2030,95
"417",2014,"MG","BELO HORIZONTE","MARIO LUCIO HERINGER","PDT",1234,10571
"418",2014,"MG","BELO HORIZONTE","MARLUCE RODRIGUES PEREIRA DE PAIVA","PT do B",7066,595
"419",2014,"MG","BELO HORIZONTE","MATEUS NUNES","PDT",1203,59
"420",2014,"MG","BELO HORIZONTE","MATHEUS COSTA DE ALMEIDA","PSTU",1699,36
"421",2014,"MG","BELO HORIZONTE","MAURA MARIA DA SILVA FOUREAUX MACEDO","PTB",1456,152
"422",2014,"MG","BELO HORIZONTE","MAURICIO VALLE SALLES","PV",4345,273
"423",2014,"MG","BELO HORIZONTE","MAURILIO BARBOSA DA SILVA","PDT",1260,724
"424",2014,"MG","BELO HORIZONTE","MAURILO DE CERQUEIRA MARINHO","PSOL",5012,125
"425",2014,"MG","BELO HORIZONTE","MAURO CESAR ALVES DE SOUSA","SD",7734,185
"426",2014,"MG","BELO HORIZONTE","MAURO DE OLIVEIRA","PT do B",7082,2
"427",2014,"MG","BELO HORIZONTE","MAURO FERNANDES LOPES DE LIMA E SOUSA","PDT",1201,818
"428",2014,"MG","BELO HORIZONTE","MAURO JORGE DE PAULA BOMFIM","PMN",3300,748
"429",2014,"MG","BELO HORIZONTE","MAURO LUCIO DA SILVA","PRTB",2840,12
"430",2014,"MG","BELO HORIZONTE","MAURO LUIZ DA SILVA","DEM",2511,25
"431",2014,"MG","BELO HORIZONTE","MAURO RIBEIRO LOPES","PMDB",1511,2951
"432",2014,"MG","BELO HORIZONTE","MAX FREDSON DE SOUZA MOL","PSTU",1618,45
"433",2014,"MG","BELO HORIZONTE","MIGUEL ANGELO DOS SANTOS","PT do B",7076,381
"434",2014,"MG","BELO HORIZONTE","MIGUEL CORREA DA SILVA JUNIOR","PT",1330,27549
"435",2014,"MG","BELO HORIZONTE","MILENE DAS GRACAS GANDRA","PPL",5412,33
"436",2014,"MG","BELO HORIZONTE","MILIANE AMELIA DE AGUIAR","PSDB",4512,744
"437",2014,"MG","BELO HORIZONTE","MISAEL ARTUR FERREIRA VARELLA","DEM",2505,1366
"438",2014,"MG","BELO HORIZONTE","MOABE SIDONIO DA SILVA","PMN",3346,130
"439",2014,"MG","BELO HORIZONTE","MOACIR PEREIRA COIMBRA","PSC",2000,847
"440",2014,"MG","BELO HORIZONTE","MOAMED RACHID GARIFF NOLETO DE QUEIROZ","PDT",1233,1733
"441",2014,"MG","BELO HORIZONTE","MURILO DE PAIVA","PT do B",7041,449
"442",2014,"MG","BELO HORIZONTE","NADIR GRACIANO BRANDAO","PDT",1280,166
"443",2014,"MG","BELO HORIZONTE","NANCI JUSSARA MARQUES BARBOSA","PRP",4404,105
"444",2014,"MG","BELO HORIZONTE","NANCY GOULART","PTN",1928,6
"445",2014,"MG","BELO HORIZONTE","NEIDE PEREIRA DE MELO TANNUS","PMN",3319,4
"446",2014,"MG","BELO HORIZONTE","NELSON PAULINO DA COSTA","PSL",1715,8
"447",2014,"MG","BELO HORIZONTE","NEUSA ALVES BATISTA","SD",7709,2
"448",2014,"MG","BELO HORIZONTE","NEWTON CARDOSO JUNIOR","PMDB",1510,3571
"449",2014,"MG","BELO HORIZONTE","NILMARIO DE MIRANDA","PT",1331,11997
"450",2014,"MG","BELO HORIZONTE","NILO SERGIO DE MENEZES MACEDO","PT",1388,216
"451",2014,"MG","BELO HORIZONTE","NILSON DOS SANTOS","PTN",1975,472
"452",2014,"MG","BELO HORIZONTE","NILZETE BANDEIRA TAVARES DE ALMEIDA","PSD",5530,6
"453",2014,"MG","BELO HORIZONTE","NIVALDO INACIO MORAIS","PP",1123,176
"454",2014,"MG","BELO HORIZONTE","NIVALDO LAGARES PINTO","PDT",1222,137
"455",2014,"MG","BELO HORIZONTE","NORMA MARIA LEAO","PSB",4039,70
"456",2014,"MG","BELO HORIZONTE","ODAIR JOSE DA CUNHA","PT",1307,1279
"457",2014,"MG","BELO HORIZONTE","ODELMO LEAO CARNEIRO SOBRINHO","PP",1199,374
"458",2014,"MG","BELO HORIZONTE","OLAVO BILAC PINTO NETO","PR",2245,1790
"459",2014,"MG","BELO HORIZONTE","ORLANDO RODRIGUES MONTEIRO","PT do B",7034,19
"460",2014,"MG","BELO HORIZONTE","OSWALDO BENTO PEREIRA SANCHES","PTB",1420,0
"461",2014,"MG","BELO HORIZONTE","OTAGILDO FERNANDES SIMOES","PSOL",5025,62
"462",2014,"MG","BELO HORIZONTE","OVIDIO DANIEL DE SOUZA","PDT",1277,22
"463",2014,"MG","BELO HORIZONTE","OVIMAR DOS REIS SOUTO","PTC",3690,2760
"464",2014,"MG","BELO HORIZONTE","PABLO DO AMARAL LOPES","PEN",5112,602
"465",2014,"MG","BELO HORIZONTE","PATRICIA MARIA COUTINHO NESSIM","PEN",5118,157
"466",2014,"MG","BELO HORIZONTE","PATRICK OSORIO DE MELO DOS SANTOS","PCB",2112,91
"467",2014,"MG","BELO HORIZONTE","PATRUS ANANIAS DE SOUSA","PT",1333,80262
"468",2014,"MG","BELO HORIZONTE","PAULA CAMARGOS PINHEIRO","PSDB",4523,777
"469",2014,"MG","BELO HORIZONTE","PAULO ABI-ACKEL","PSDB",4545,5482
"470",2014,"MG","BELO HORIZONTE","PAULO ALBERTO RISSO DE SOUZA","PT do B",7090,632
"471",2014,"MG","BELO HORIZONTE","PAULO DA COSTA JUNIOR","PSB",4055,668
"472",2014,"MG","BELO HORIZONTE","PAULO HENRIQUE GABRIEL","PSTU",1611,15
"473",2014,"MG","BELO HORIZONTE","PAULO HENRIQUE LOPES","PTN",1933,59
"474",2014,"MG","BELO HORIZONTE","PAULO HENRIQUE PAULINO E SILVA","PT do B",7005,149
"475",2014,"MG","BELO HORIZONTE","PAULO RIBEIRO DA GLORIA","PPS",2363,149
"476",2014,"MG","BELO HORIZONTE","PAULO SAFADY SIMAO","PSD",5510,4664
"477",2014,"MG","BELO HORIZONTE","PAULO SERGIO DO VALLE NOGUEIRA","PPS",2356,502
"478",2014,"MG","BELO HORIZONTE","PAULO TELLES DA SILVA","PMDB",1533,1713
"479",2014,"MG","BELO HORIZONTE","PEDRO BATISTA","PT",1344,858
"480",2014,"MG","BELO HORIZONTE","PEDRO CORREA ALVARENGA BARROS","PPS",2399,79
"481",2014,"MG","BELO HORIZONTE","PEDRO WILSON ROCHA","PSL",1720,33
"482",2014,"MG","BELO HORIZONTE","PEDRO ZACARIAS DE MAGALHAES FERREIRA","PT",1378,165
"483",2014,"MG","BELO HORIZONTE","PRISCILA BATISTA DE MEDEIROS","PSDB",4525,445
"484",2014,"MG","BELO HORIZONTE","RAFAEL RIBEIRO TEIXEIRA","PDT",1250,709
"485",2014,"MG","BELO HORIZONTE","RAILDA FERNANDEZ COSTA","PPS",2388,16
"486",2014,"MG","BELO HORIZONTE","RAIMUNDO BATISTA DA SILVA","PPS",2324,263
"487",2014,"MG","BELO HORIZONTE","RAIR ANICIO JUNIOR","PCB",2100,66
"488",2014,"MG","BELO HORIZONTE","RANDOLFO JOSE BARBOSA","PV",4322,410
"489",2014,"MG","BELO HORIZONTE","RAQUEL DE SOUZA PRADO","PSTU",1666,168
"490",2014,"MG","BELO HORIZONTE","RAUL GUILHERME PLASSMANN","PSC",2040,3594
"491",2014,"MG","BELO HORIZONTE","REGILAINE ALVES DE CARVALHO","PSB",4014,27
"492",2014,"MG","BELO HORIZONTE","REGINA APARECIDA DIAS DOS ANJOS","PMN",3305,1
"493",2014,"MG","BELO HORIZONTE","REGINA CARMEM FERNANDES DOS SANTOS","PT do B",7042,202
"494",2014,"MG","BELO HORIZONTE","REGINA MARIA CIOFFI BATAGINI","PPS",2345,231
"495",2014,"MG","BELO HORIZONTE","REGINALDO LAZARO DE OLIVEIRA LOPES","PT",1312,6593
"496",2014,"MG","BELO HORIZONTE","REGINALDO ROSSI DE PAULA","PT do B",7092,782
"497",2014,"MG","BELO HORIZONTE","RENATA APARECIDA DE OLIVEIRA VIEIRA","PT do B",7055,77
"498",2014,"MG","BELO HORIZONTE","RENATO BARBOSA DE ANDRADE","PP",1100,721
"499",2014,"MG","BELO HORIZONTE","RENATO FABIANO MATHEUS","PMN",3313,412
"500",2014,"MG","BELO HORIZONTE","RENATO GOMES","PV",4333,454
"501",2014,"MG","BELO HORIZONTE","RENZO DO AMARAL BRAZ","PP",1121,844
"502",2014,"MG","BELO HORIZONTE","RICARDO ASSUNCAO","PTB",1414,205
"503",2014,"MG","BELO HORIZONTE","RICARDO DE OLIVEIRA LOBATO","PSB",4018,307
"504",2014,"MG","BELO HORIZONTE","RICARDO FERNANDO PEDROSA","PEN",5123,70
"505",2014,"MG","BELO HORIZONTE","RICARDO SARAIVA DIAS","PDT",1206,29
"506",2014,"MG","BELO HORIZONTE","ROBERTO ALVES DA SILVA","PT do B",7016,55
"507",2014,"MG","BELO HORIZONTE","ROBERTO ANTONIO VERONICA","PSTU",1602,571
"508",2014,"MG","BELO HORIZONTE","ROBERTO CARLOS MUNIZ","PT do B",7020,666
"509",2014,"MG","BELO HORIZONTE","ROBERTO DE QUEIROZ GONTIJO","PTC",3699,24
"510",2014,"MG","BELO HORIZONTE","ROBERTO RIBEIRO GONCALVES","PSB",4032,1320
"511",2014,"MG","BELO HORIZONTE","ROBERTO SIMAO","PRTB",2820,0
"512",2014,"MG","BELO HORIZONTE","ROBESIO ZEFERINO ROCHA","PDT",1213,154
"513",2014,"MG","BELO HORIZONTE","ROBSON GOMES SILVA","PCO",2929,1390
"514",2014,"MG","BELO HORIZONTE","ROBSON RAMOS LACERDA","PHS",3199,43
"515",2014,"MG","BELO HORIZONTE","RODRIGO BATISTA DE CASTRO","PSDB",4550,26793
"516",2014,"MG","BELO HORIZONTE","RODRIGO CAMPOS CHAGAS","PT",1310,566
"517",2014,"MG","BELO HORIZONTE","RODRIGO COSTA ARAUJO","PSB",4089,193
"518",2014,"MG","BELO HORIZONTE","RODRIGO DOS SANTOS MARQUES PORTO","PT do B",7050,3902
"519",2014,"MG","BELO HORIZONTE","RODRIGO MIRANDA MENDES","PT do B",7006,524
"520",2014,"MG","BELO HORIZONTE","RODRIGO MOREIRA LADEIRA GRILO","SD",7789,2931
"521",2014,"MG","BELO HORIZONTE","RODRIGO OTAVIO SOARES PACHECO","PMDB",1515,5922
"522",2014,"MG","BELO HORIZONTE","ROGERIO ALCANTARA DE MELO","PTC",3634,1198
"523",2014,"MG","BELO HORIZONTE","ROGERIO GONCALVES DE JESUS","PT",1353,213
"524",2014,"MG","BELO HORIZONTE","ROMULO VICTOR PINHEIRO VENEROSO","PV",4344,1599
"525",2014,"MG","BELO HORIZONTE","RONALDO BARBOSA GONCALVES","PT",1345,627
"526",2014,"MG","BELO HORIZONTE","RONALDO BRAGA","PMDB",1512,74
"527",2014,"MG","BELO HORIZONTE","RONALDO MARTINS ROCHA","PRP",4411,17
"528",2014,"MG","BELO HORIZONTE","RONALDO RESENDE RIBEIRO","PRB",1001,0
"529",2014,"MG","BELO HORIZONTE","ROSANE ALVES DA SILVA","PDT",1235,339
"530",2014,"MG","BELO HORIZONTE","ROSIANE APARECIDA VAS TOSTES","PT",1399,31
"531",2014,"MG","BELO HORIZONTE","ROSILAINE DE FATIMA CORDEIRO","PSOL",5065,20
"532",2014,"MG","BELO HORIZONTE","ROSILENE DO CARMO CARDOSO","PSDC",2707,205
"533",2014,"MG","BELO HORIZONTE","ROVILSON DE ASSIS PIMENTEL","PPL",5413,56
"534",2014,"MG","BELO HORIZONTE","RUTE DE OLIVEIRA SOUZA","PSC",2034,64
"535",2014,"MG","BELO HORIZONTE","RUY MOREIRA DE CARVALHO FILHO","PSB",4009,0
"536",2014,"MG","BELO HORIZONTE","SALMA REGINA GALLATE","PSB",4000,613
"537",2014,"MG","BELO HORIZONTE","SAMUEL ANGELO DOS SANTOS","PDT",1265,201
"538",2014,"MG","BELO HORIZONTE","SANDEMBERG SOARES PEREIRA","PTC",3644,62
"539",2014,"MG","BELO HORIZONTE","SANDRA DE SOUZA CRUZ","PTC",3650,137
"540",2014,"MG","BELO HORIZONTE","SANDRA MARCELINA DE SOUZA","PROS",9015,9
"541",2014,"MG","BELO HORIZONTE","SANDRO GONCALVES DE OLIVEIRA","PT do B",7098,11
"542",2014,"MG","BELO HORIZONTE","SANDRO LUCIO DE SOUZA COELHO","PSB",4066,510
"543",2014,"MG","BELO HORIZONTE","SARA RAYANNE SILVA AZEVEDO","PSOL",5015,557
"544",2014,"MG","BELO HORIZONTE","SAULO MIRANDA PINTO","PSB",4002,154
"545",2014,"MG","BELO HORIZONTE","SEBASTIAO DOMINGOS NETO","PDT",1214,99
"546",2014,"MG","BELO HORIZONTE","SERGIO LUCIO DE ALMEIDA","PSB",4010,963
"547",2014,"MG","BELO HORIZONTE","SIDENIR APARECIDO COELHO VENTURA","PPL",5444,50
"548",2014,"MG","BELO HORIZONTE","SIDNEY DE OLIVEIRA LIMA","PT do B",7093,229
"549",2014,"MG","BELO HORIZONTE","SILAS BRASILEIRO","PMDB",1570,813
"550",2014,"MG","BELO HORIZONTE","SILVANA APARECIDA ELIAS","PSC",2067,122
"551",2014,"MG","BELO HORIZONTE","SILVIO CESAR CAMARGO DE OLIVEIRA","PTN",1978,1287
"552",2014,"MG","BELO HORIZONTE","SILVIO CESAR CRUVINEL","PDT",1238,63
"553",2014,"MG","BELO HORIZONTE","SOLANGE VITORIA LOURENCO OLIVEIRA","PMDB",1516,40
"554",2014,"MG","BELO HORIZONTE","SONIA FERREIRA DE AMORIM TERRA","PSB",4035,156
"555",2014,"MG","BELO HORIZONTE","SONIA MARA DE PINHO TAVARES","PMDB",1525,92
"556",2014,"MG","BELO HORIZONTE","SONIA MARIA DE DEUS VIEIRA","PSB",4021,136
"557",2014,"MG","BELO HORIZONTE","SONIA MARIA FERREIRA","PP",1156,21
"558",2014,"MG","BELO HORIZONTE","SONIA MARIA FERREIRA","PSDB",4517,154
"559",2014,"MG","BELO HORIZONTE","STEFANO AGUIAR DOS SANTOS","PSB",4044,29406
"560",2014,"MG","BELO HORIZONTE","STENIA ARAUJO JOURINK","PSTU",1615,24
"561",2014,"MG","BELO HORIZONTE","STENIO MESSIAS DOS SANTOS","PSTU",1631,69
"562",2014,"MG","BELO HORIZONTE","STOESSEL LUIZ VINHAS RIBEIRO","PPS",2300,68
"563",2014,"MG","BELO HORIZONTE","SUELY GOMES","PTC",3607,179
"564",2014,"MG","BELO HORIZONTE","TAMIRES MARTINS SILVA","PMN",3393,1
"565",2014,"MG","BELO HORIZONTE","TANIA GERALDA DE SOUZA SILVA","PTC",3677,63
"566",2014,"MG","BELO HORIZONTE","TANIA RAQUEL DE QUEIROZ MUNIZ","PSC",2010,1863
"567",2014,"MG","BELO HORIZONTE","TEREZA CRISTINA DE ALMEIDA FREITAS","PT do B",7026,24
"568",2014,"MG","BELO HORIZONTE","TEREZINHA GUNDIM BIAGI","PSDB",4546,120
"569",2014,"MG","BELO HORIZONTE","THAIS CLAUDIA D AFONSECA DA SILVA","PT do B",7037,857
"570",2014,"MG","BELO HORIZONTE","THAIS RIBEIRO","PR",2288,9
"571",2014,"MG","BELO HORIZONTE","THEREZINHA SANT ANNA COUTO","PSB",4053,226
"572",2014,"MG","BELO HORIZONTE","THIAGO FERREIRA CAMARGOS","PCB",2121,271
"573",2014,"MG","BELO HORIZONTE","TILDEN JOSE SANTIAGO","PSB",4004,1257
"574",2014,"MG","BELO HORIZONTE","TUANE GARCIA ROCHA","PROS",9040,4
"575",2014,"MG","BELO HORIZONTE","URBANO ABRAO SIMAO","PDT",1211,95
"576",2014,"MG","BELO HORIZONTE","VAGNER ALVES CLEMENTE","PSB",4041,872
"577",2014,"MG","BELO HORIZONTE","VALERIA GOMES DOS SANTOS","PTB",1457,12
"578",2014,"MG","BELO HORIZONTE","VALERIO NETO DE OLIVEIRA","PR",2204,240
"579",2014,"MG","BELO HORIZONTE","VALERIO VIEIRA DOS SANTOS","PSTU",1616,70
"580",2014,"MG","BELO HORIZONTE","VALTER PEREIRA DE OLIVEIRA","PDT",1215,29
"581",2014,"MG","BELO HORIZONTE","VANDERLEI DORNELAS TOMAZ","PSC",2021,48
"582",2014,"MG","BELO HORIZONTE","VANDERLEI SANTOS","PT",1386,19
"583",2014,"MG","BELO HORIZONTE","VANILDA CARDOSO OLIVEIRA DE ARAUJO","PTN",1934,57
"584",2014,"MG","BELO HORIZONTE","VERONICA LUCIA DE CARVALHO","PT do B",7063,188
"585",2014,"MG","BELO HORIZONTE","VICENTE DINAERTI CARVALHO","PSDB",4528,93
"586",2014,"MG","BELO HORIZONTE","VICENTE DOS REIS MARINHO","PV",4353,356
"587",2014,"MG","BELO HORIZONTE","VILMAR DE SOUZA E SILVA","PTN",1919,895
"588",2014,"MG","BELO HORIZONTE","VILSON ANTONIO DOS SANTOS","PTB",1400,342
"589",2014,"MG","BELO HORIZONTE","VILSON LUIZ DA SILVA","PSB",4057,878
"590",2014,"MG","BELO HORIZONTE","VINICIUS SAMOR DE LACERDA","PT do B",7099,54
"591",2014,"MG","BELO HORIZONTE","VITOR PENIDO DE BARROS","DEM",2526,3325
"592",2014,"MG","BELO HORIZONTE","WADSON NATHANIEL RIBEIRO","PC do B",6510,3723
"593",2014,"MG","BELO HORIZONTE","WAGNER JOSE DA SILVA","PSC",2041,3
"594",2014,"MG","BELO HORIZONTE","WAGNER WELLYNGTHON DE BUENO BRANDAO","PSDB",4567,795
"595",2014,"MG","BELO HORIZONTE","WALKYRIA DE PAULA","PSDB",4554,463
"596",2014,"MG","BELO HORIZONTE","WALTER DA ROCHA TOSTA","PSD",5567,36565
"597",2014,"MG","BELO HORIZONTE","WALTER FERREIRA DA COSTA","PPL",5445,147
"598",2014,"MG","BELO HORIZONTE","WALTER FERREIRA DE ARAUJO","PSDB",4540,285
"599",2014,"MG","BELO HORIZONTE","WALTER MOURISSO","PTC",3639,15
"600",2014,"MG","BELO HORIZONTE","WANDER CARLOS GOMES","PT do B",7002,519
"601",2014,"MG","BELO HORIZONTE","WANDER GUIMARAES DAMACENO","PSB",4056,5416
"602",2014,"MG","BELO HORIZONTE","WANDERLEI FERNANDES BATISTA","PDT",1258,156
"603",2014,"MG","BELO HORIZONTE","WANDERLEIA DE JESUS","PPS",2303,72
"604",2014,"MG","BELO HORIZONTE","WANDERLINO TEIXEIRA DE SOUZA","PHS",3122,25
"605",2014,"MG","BELO HORIZONTE","WANDERSON MATOZINHO DE SOUZA","PTC",3600,1414
"606",2014,"MG","BELO HORIZONTE","WATSON AGUIAR","PTC",3621,5
"607",2014,"MG","BELO HORIZONTE","WEDER DE OLIVEIRA MATTOS","PT do B",7044,112
"608",2014,"MG","BELO HORIZONTE","WEDERSON OSMAR MOREIRA","PHS",3144,320
"609",2014,"MG","BELO HORIZONTE","WELITON FERNANDES PRADO","PT",1391,24733
"610",2014,"MG","BELO HORIZONTE","WELLINGTON ANTONIO VIEIRA","PTN",1900,5238
"611",2014,"MG","BELO HORIZONTE","WELTON LUIZ DE MELO","PTC",3636,786
"612",2014,"MG","BELO HORIZONTE","WILIAM TEIXEIRA RODRIGUES","PC do B",6530,408
"613",2014,"MG","BELO HORIZONTE","WILLIAM MOURA DE CARVALHO","PTN",1901,230
"614",2014,"MG","BELO HORIZONTE","WILLIAM SOARES DA SILVA","PHS",3171,118
"615",2014,"MG","BELO HORIZONTE","WILLIAN HERCULANO VIEIRA","PCB",2110,26
"616",2014,"MG","BELO HORIZONTE","WILLIAN SOARES DO CARMO","PPL",5415,66
"617",2014,"MG","BELO HORIZONTE","WILSON CALIXTO NOGUEIRA","PDT",1240,67
"618",2014,"MG","BELO HORIZONTE","WIRIS CARLOS LOPES","PHS",3132,42
"619",2014,"MG","BELO HORIZONTE","WOSHINGTON LUIS VIANA","PMDB",1501,195
"620",2014,"MG","BELO HORIZONTE","ZENILDA PEREIRA DE ALMEIDA MARCHEZINE","DEM",2501,959
"621",2014,"MG","BELO HORIZONTE","VIRGILIO MENDES","UFMG",420420,NA
"622",2014,"MG","BELO HORIZONTE","EDUARDO TAMAKI",NA,313100,11
"623",2014,"MG","BELO HORIZONTE","LAURA BEGHINI","UFMG",NA,8
"624",2014,NA,"BELO HORIZONTE","ROMULO DAMASCENO","UFMG",98263,9
